state,district,monsoon_recharge_rainfall,monsoon_recharge_other,nonmonsoon_recharge_rainfall,nonmonsoon_recharge_other,total_recharge_ham,natural_discharge_ham,net_gw_availability_ham,gw_draft_irrigation_ham,gw_draft_domestic_ind_ham,gw_draft_total_ham,projected_demand_2025_ham,net_gw_future_irrigation_ham,stage_pct,category
Andhra Pradesh,Guntur,109985.0,18487.0,22881.0,19825.0,171178.0,15819.0,155359.0,46677.0,8552.0,55229.0,10461.0,98221.0,36.0,Safe
Andhra Pradesh,Vizianagaram,69126.0,18403.0,43050.0,28717.0,159296.0,15140.0,144156.0,104597.0,9585.0,114182.0,13376.0,38123.0,79.0,Semi-Critical
Andhra Pradesh,Visakhapatnam,138586.0,13441.0,10345.0,24058.0,186430.0,18064.0,168366.0,103764.0,16033.0,119797.0,18852.0,47361.0,71.0,Semi-Critical
Andhra Pradesh,East Godavari,60450.0,38551.0,36600.0,25814.0,161415.0,14536.0,146879.0,32646.0,4451.0,37097.0,13177.0,101056.0,25.0,Safe
Andhra Pradesh,Srikakulam,48619.0,103483.0,31345.0,16859.0,200306.0,19729.0,180577.0,28288.0,6642.0,34930.0,14624.0,137823.0,19.0,Safe
Andhra Pradesh,Nellore,50584.0,16543.0,40086.0,16432.0,123645.0,8284.0,115361.0,62328.0,6105.0,68433.0,8804.0,44229.0,59.0,Safe
Andhra Pradesh,Kurnool,95298.0,27618.0,19069.0,53391.0,195376.0,18097.0,177279.0,108666.0,4620.0,113286.0,11415.0,60269.0,64.0,Safe
Andhra Pradesh,Prakasam,143369.0,12893.0,38140.0,26725.0,221127.0,18738.0,202389.0,51976.0,6206.0,58182.0,10983.0,139986.0,29.0,Safe
Andhra Pradesh,Khammam,48537.0,44546.0,22447.0,66356.0,181886.0,16917.0,164969.0,49627.0,9530.0,59157.0,11884.0,105226.0,36.0,Safe
Andhra Pradesh,Adilabad,58378.0,30103.0,29158.0,32876.0,150515.0,12790.0,137725.0,35086.0,4144.0,39230.0,13067.0,89853.0,28.0,Safe
Andhra Pradesh,Krishna,72443.0,15561.0,18917.0,24741.0,131662.0,12994.0,118668.0,95973.0,3066.0,99039.0,7603.0,24967.0,83.0,Semi-Critical
Andhra Pradesh,West Godavari,95154.0,29351.0,25467.0,31327.0,181299.0,17958.0,163341.0,69040.0,4502.0,73542.0,12666.0,81635.0,45.0,Safe
Andhra Pradesh,Mehaboobnagar,90352.0,47433.0,28710.0,44651.0,211146.0,20217.0,190929.0,103380.0,10197.0,113577.0,11549.0,76000.0,59.0,Safe
Andhra Pradesh,Kadapa,150029.0,48098.0,734.0,73610.0,272471.0,25583.0,246888.0,62575.0,5080.0,67655.0,44026.0,140287.0,27.0,Safe
Andhra Pradesh,Nalgonda,64576.0,22336.0,15913.0,30200.0,133025.0,12658.0,120367.0,81284.0,1934.0,83218.0,6679.0,34153.0,69.0,Safe
Andhra Pradesh,Warangal,60835.0,20303.0,26994.0,70492.0,178624.0,17210.0,161414.0,43804.0,2124.0,45928.0,7795.0,112453.0,28.0,Safe
Andhra Pradesh,Karimnagar,43753.0,5789.0,12695.0,8870.0,71107.0,6761.0,64346.0,33303.0,11954.0,45257.0,16234.0,18452.0,70.0,Semi-Critical
Andhra Pradesh,Nizamabad,44230.0,28943.0,26204.0,10774.0,110151.0,9938.0,100213.0,20871.0,4404.0,25275.0,9475.0,69867.0,25.0,Safe
Andhra Pradesh,Rangareddy,68026.0,5484.0,13207.0,5739.0,92456.0,7972.0,84484.0,14310.0,4287.0,18597.0,11421.0,58753.0,22.0,Safe
Andhra Pradesh,Chittoor,42054.0,22125.0,27903.0,7372.0,99454.0,9407.0,90047.0,16184.0,838.0,17022.0,6650.0,67213.0,19.0,Safe
Andhra Pradesh,Anantapur,116570.0,17391.0,26082.0,33863.0,193906.0,18138.0,175768.0,100739.0,8159.0,108898.0,14703.0,62290.0,62.0,Safe
Andhra Pradesh,Medak,53946.0,42053.0,22462.0,43810.0,162271.0,15071.0,147200.0,52859.0,565.0,53424.0,6003.0,88338.0,36.0,Safe
Arunachal Pradesh,Tirap,8718.0,0.0,2283.0,0.0,11000.0,1100.0,9900.0,3.0,0.0,3.0,43.0,9855.0,0.02828,Safe
Arunachal Pradesh,Changlang,20988.0,18.0,6996.0,27.0,28029.0,2803.0,25226.0,26.0,,26.0,59.0,25142.0,0.10109,Safe
Arunachal Pradesh,Lohit,143000.0,0.0,52360.0,0.0,195360.0,19536.0,175824.0,5.0,,5.0,101.0,175717.0,0.00301,Safe
Arunachal Pradesh,Anjaw,0.0,0.0,0.0,0.0,0.0,0.0,0.0,0.0,0.0,0.0,0.0,0.0,0.0,Safe
Arunachal Pradesh,Dibang Valley,0.0,0.0,0.0,0.0,0.0,0.0,0.0,0.0,0.0,0.0,0.0,0.0,0.0,Safe
Arunachal Pradesh,Lower Dibang Valley,70488.0,0.0,30624.0,0.0,101112.0,10111.0,91001.0,34.0,,34.0,104.0,90864.0,0.03681,Safe
Arunachal Pradesh,East Siang,60078.0,8.0,14049.0,12.0,74147.0,7415.0,66732.0,84.0,44.0,128.0,45.0,66603.0,0.19196,Safe
Arunachal Pradesh,West Siang,4878.0,1.0,1220.0,1.0,6099.0,610.0,5489.0,0.0,0.0,0.0,18.0,5471.0,0.0,Safe
Arunachal Pradesh,Upper Siang,0.0,0.0,0.0,0.0,0.0,0.0,0.0,0.0,0.0,0.0,0.0,,0.0,Safe
Arunachal Pradesh,East Kameng,13338.0,0.0,3025.0,0.0,16363.0,1636.0,14726.0,15.0,,15.0,71.0,14640.0,0.10186,Safe
Arunachal Pradesh,West Kameng,1820.0,0.0,530.0,0.0,2351.0,235.0,2116.0,0.0,0.0,0.0,19.0,2097.0,0.0,Safe
Arunachal Pradesh,Lower Subansiri,1761.0,0.0,803.0,0.0,2564.0,256.0,2307.0,5.0,,5.0,91.0,2211.0,0.21669,Safe
Arunachal Pradesh,Upper Subansiri,228.0,0.0,105.0,0.0,333.0,33.0,299.0,0.0,0.0,0.0,0.0,299.0,0.0,Safe
Arunachal Pradesh,Papum Pare,10781.0,0.0,2587.0,0.0,13368.0,1337.0,12031.0,58.0,56.0,114.0,73.0,11900.0,0.94339,Safe
Arunachal Pradesh,Tawang,0.0,0.0,0.0,0.0,0.0,0.0,0.0,0.0,0.0,0.0,0.0,,0.0,Safe
Arunachal Pradesh,Kurung Kumey,0.0,0.0,0.0,0.0,0.0,0.0,0.0,0.0,0.0,0.0,0.0,0.0,0.0,Safe
Assam,Barpeta,59201.0,20542.0,7068.0,4417.0,91228.0,9123.0,82105.0,36041.0,3410.0,39451.0,4509.0,41555.0,48.0,Safe
Assam,Bongaigaon,59709.0,4790.0,24706.0,1206.0,90411.0,9041.0,81370.0,13280.0,1494.0,14774.0,1903.0,66187.0,18.0,Safe
Assam,Cachar,52071.0,9.0,35195.0,7.0,87282.0,8728.0,78554.0,11.0,3578.0,3589.0,4547.0,73996.0,5.0,Safe
Assam,Darrang,59693.0,7170.0,22503.0,1875.0,91241.0,9124.0,82117.0,19721.0,1817.0,21538.0,2357.0,60039.0,26.0,Safe
Assam,Dibrugarh,92018.0,5670.0,57274.0,1367.0,156329.0,15633.0,140696.0,14029.0,2737.0,16766.0,3108.0,123559.0,12.0,Safe
Assam,Dhemaji,113890.0,1507.0,69337.0,390.0,185124.0,18512.0,166612.0,4142.0,1380.0,5522.0,1805.0,160665.0,3.0,Safe
Assam,Dhubri,79158.0,17269.0,25660.0,4327.0,126414.0,12641.0,113773.0,47935.0,3940.0,51875.0,5407.0,60431.0,46.0,Safe
Assam,Golaghat,94386.0,1885.0,43985.0,478.0,140734.0,14073.0,126661.0,5214.0,2135.0,7349.0,2473.0,118974.0,6.0,Safe
Assam,Goalpara,80767.0,5240.0,27798.0,1323.0,115128.0,11513.0,103615.0,14512.0,2057.0,16569.0,2737.0,86366.0,16.0,Safe
Assam,Hailakandi,15423.0,3.0,10860.0,3.0,26289.0,2629.0,23660.0,0.0,1323.0,1323.0,1757.0,21903.0,6.0,Safe
Assam,Jorhat,95588.0,2325.0,49493.0,592.0,147998.0,14800.0,133198.0,6425.0,2259.0,8684.0,2457.0,124316.0,7.0,Safe
Assam,Kamrup,87173.0,8952.0,33386.0,2297.0,131808.0,13181.0,118627.0,24720.0,3060.0,27780.0,3735.0,90172.0,23.0,Safe
Assam,Karbi Anglong,23477.0,2398.0,11595.0,359.0,37829.0,3783.0,34046.0,104.0,1959.0,2063.0,2477.0,31465.0,6.0,Safe
Assam,Kokrajhar,109550.0,3980.0,45329.0,726.0,159585.0,15959.0,143626.0,4008.0,1775.0,5783.0,1888.0,137730.0,4.0,Safe
Assam,Karimganj,28446.0,66.0,18727.0,30.0,47269.0,4727.0,42542.0,138.0,2453.0,2591.0,3212.0,39192.0,6.0,Safe
Assam,Lakhimpur,80114.0,1360.0,48773.0,350.0,130597.0,13060.0,117537.0,3749.0,2096.0,5845.0,2611.0,111177.0,5.0,Safe
Assam,Morigaon,47311.0,5260.0,19046.0,1320.0,72937.0,7294.0,65643.0,14593.0,1924.0,16517.0,2621.0,48429.0,25.0,Safe
Assam,Nagaon,109601.0,33029.0,44122.0,5942.0,192694.0,19269.0,173425.0,33755.0,5751.0,39506.0,7598.0,132072.0,23.0,Safe
Assam,N.C. Hills,2602.0,1.0,1192.0,1.0,3796.0,380.0,3416.0,0.0,451.0,451.0,510.0,2906.0,13.0,Safe
Assam,Nalbari,20983.0,4449.0,11953.0,1122.0,38507.0,3851.0,34656.0,12327.0,1558.0,13885.0,1795.0,20534.0,40.0,Safe
Assam,Sibsagar,98417.0,2590.0,41461.0,657.0,143125.0,14313.0,128812.0,7163.0,2321.0,9484.0,2595.0,119054.0,7.0,Safe
Assam,Sonitpur,113469.0,10385.0,71710.0,1799.0,197363.0,19736.0,177627.0,6585.0,3880.0,10465.0,4741.0,166301.0,6.0,Safe
Assam,Tinsukia,100609.0,2788.0,63520.0,711.0,167628.0,8381.0,159247.0,7700.0,2725.0,10425.0,3190.0,148357.0,7.0,Safe
Assam,Baksa,41724.0,8256.0,23769.0,1060.0,74809.0,7481.0,67328.0,1396.0,1886.0,3282.0,2206.0,63726.0,5.0,Safe
Assam,Kamrup Metro,17171.0,674.0,6576.0,168.0,24589.0,2459.0,22130.0,1872.0,2999.0,4871.0,3246.0,17012.0,22.0,Safe
Assam,Udalguri,38990.0,12264.0,20355.0,1670.0,73279.0,3664.0,69615.0,4117.0,1660.0,5777.0,1889.0,63609.0,8.0,Safe
Assam,Chirang,68344.0,831.0,28279.0,208.0,97662.0,9766.0,87896.0,2308.0,967.0,3275.0,1116.0,84472.0,4.0,Safe
Bihar,Araria,61913.0,8639.0,16078.0,2880.0,89510.0,8691.0,80819.0,22432.0,4786.0,27218.0,6707.0,51681.0,34.0,Safe
Bihar,Arwal,11679.0,6866.0,1978.0,2560.0,23083.0,1846.0,21237.0,9491.0,1096.0,10587.0,1639.0,10107.0,50.0,Safe
Bihar,Aurangabad,75591.0,13610.0,9315.0,4634.0,103150.0,8779.0,94371.0,18082.0,4264.0,22346.0,6464.0,69825.0,24.0,Safe
Bihar,Banka,29344.0,9514.0,6732.0,1717.0,47307.0,3908.0,43399.0,12988.0,3167.0,16155.0,4333.0,26078.0,37.0,Safe
Bihar,Begusarai,49227.0,4520.0,7198.0,6415.0,67360.0,6736.0,60624.0,33069.0,4745.0,37813.0,7611.0,19944.0,62.0,Safe
Bihar,Bhabhua,56812.0,12944.0,11757.0,5303.0,86816.0,7380.0,79436.0,23281.0,2496.0,25777.0,4005.0,52150.0,32.0,Safe
Bihar,Bhagalpur,59009.0,3935.0,11795.0,2465.0,77204.0,6605.0,70599.0,18397.0,5443.0,23840.0,7665.0,44537.0,34.0,Safe
Bihar,Bhojpur,47943.0,18596.0,7308.0,12049.0,85896.0,6601.0,79295.0,30706.0,4587.0,35293.0,6308.0,42281.0,45.0,Safe
Bihar,Buxar,33156.0,18053.0,4869.0,9031.0,65109.0,5643.0,59466.0,18463.0,2655.0,21118.0,4100.0,36904.0,36.0,Safe
Bihar,Darbhanga,48712.0,4959.0,7548.0,3234.0,64452.0,4047.0,60405.0,23710.0,7631.0,31342.0,12327.0,24367.0,52.0,Safe
Bihar,E.Champaran,80152.0,27743.0,14626.0,19072.0,141593.0,12381.0,129212.0,46748.0,7304.0,54053.0,11754.0,70709.0,42.0,Safe
Bihar,Gaya,85811.0,14749.0,12210.0,3848.0,116618.0,11285.0,105333.0,43910.0,8183.0,52093.0,12350.0,49073.0,49.0,Safe
Bihar,Gopalganj,37083.0,13954.0,6885.0,10732.0,68654.0,3985.0,64669.0,33480.0,4326.0,37806.0,5993.0,25196.0,58.0,Safe
Bihar,Jamui,26832.0,7781.0,6709.0,2292.0,43614.0,3303.0,40311.0,12689.0,2913.0,15602.0,4452.0,23170.0,39.0,Safe
Bihar,Jehanabad,22059.0,6767.0,2897.0,1487.0,33210.0,3123.0,30087.0,17481.0,1931.0,19412.0,2801.0,9805.0,65.0,Safe
Bihar,Katihar,68092.0,9394.0,15793.0,5868.0,99148.0,9915.0,89233.0,44202.0,4685.0,48886.0,7361.0,37670.0,55.0,Safe
Bihar,Khagaria,47326.0,1505.0,6138.0,4739.0,59709.0,5547.0,54162.0,22164.0,2566.0,24730.0,3959.0,28039.0,46.0,Safe
Bihar,Kishanganj,60420.0,2474.0,14676.0,3059.0,80628.0,8063.0,72566.0,17714.0,2699.0,20413.0,4015.0,50837.0,28.0,Safe
Bihar,Lakhisarai,21513.0,4726.0,3119.0,1792.0,31150.0,2805.0,28345.0,10436.0,1648.0,12084.0,2100.0,15809.0,43.0,Safe
Bihar,Madhepura,34865.0,9648.0,8510.0,5379.0,58401.0,5692.0,52709.0,26921.0,3205.0,30125.0,4801.0,20988.0,57.0,Safe
Bihar,Madhubani,82885.0,9372.0,15264.0,5096.0,112617.0,7433.0,105184.0,28833.0,6823.0,35655.0,10006.0,66345.0,34.0,Safe
Bihar,Munger,25062.0,4198.0,4019.0,1083.0,34362.0,3184.0,31178.0,7020.0,2130.0,9150.0,2888.0,21271.0,29.0,Safe
Bihar,Muzaffarpur,74039.0,18193.0,11172.0,15502.0,118906.0,9559.0,109347.0,53475.0,7511.0,60986.0,10732.0,45140.0,56.0,Safe
Bihar,Nalanda,51356.0,11721.0,7002.0,3355.0,73434.0,6735.0,66699.0,39149.0,4592.0,43741.0,5509.0,22041.0,66.0,Safe
Bihar,Nawada,45277.0,5336.0,6829.0,1976.0,59417.0,5456.0,53961.0,19550.0,3842.0,23392.0,5807.0,28604.0,43.0,Safe
Bihar,Patna,74832.0,16661.0,10352.0,7614.0,109459.0,10406.0,99053.0,45795.0,9121.0,54916.0,12836.0,40421.0,55.0,Safe
Bihar,Purnea,72301.0,1055.0,18860.0,4825.0,97041.0,5788.0,91253.0,36408.0,6167.0,42575.0,8528.0,46317.0,47.0,Safe
Bihar,Rohtas,85392.0,19758.0,10500.0,8058.0,123709.0,10503.0,113206.0,35158.0,4908.0,40066.0,7370.0,70678.0,35.0,Safe
Bihar,Saharsa,39548.0,7745.0,8139.0,5221.0,60653.0,4214.0,56439.0,18405.0,2963.0,21368.0,4895.0,33140.0,38.0,Safe
Bihar,Samastipur,69865.0,7631.0,10749.0,5620.0,93865.0,6348.0,87518.0,39257.0,6940.0,46197.0,10833.0,37428.0,53.0,Safe
Bihar,Saran,55052.0,12356.0,8105.0,10725.0,86237.0,5366.0,80871.0,39032.0,6310.0,45342.0,8923.0,32917.0,56.0,Safe
Bihar,Sheikhpura,12376.0,2898.0,2080.0,713.0,18067.0,1463.0,16604.0,7809.0,1126.0,8935.0,1390.0,7405.0,54.0,Safe
Bihar,Sheohar,13335.0,2286.0,1892.0,1041.0,18553.0,1228.0,17325.0,9237.0,1132.0,10369.0,1910.0,6178.0,60.0,Safe
Bihar,Sitamarhi,60962.0,7244.0,9711.0,5288.0,83206.0,5553.0,77653.0,29968.0,5521.0,35489.0,8662.0,39023.0,46.0,Safe
Bihar,Siwan,41092.0,19519.0,7263.0,15475.0,83349.0,8335.0,75014.0,38888.0,5118.0,44006.0,7402.0,28724.0,59.0,Safe
Bihar,Supaul,49221.0,12616.0,11809.0,8386.0,82032.0,7838.0,74195.0,23197.0,3456.0,26653.0,5391.0,45608.0,36.0,Safe
Bihar,Vaishali,49081.0,11578.0,7330.0,10038.0,78027.0,5867.0,72160.0,36052.0,5324.0,41375.0,7421.0,28687.0,57.0,Safe
Bihar,West Champaran,95151.0,24647.0,12402.0,25754.0,157955.0,15437.0,142518.0,31903.0,6285.0,38188.0,9275.0,101339.0,27.0,Safe
Chhattisgarh,Baster,84820.0,846.0,11132.0,2299.0,99098.0,5960.0,93139.0,8510.0,3357.0,11867.0,4121.0,80508.0,13.0,Safe
Chhattisgarh,Bijapur,71408.0,95.0,10259.0,143.0,81905.0,4104.0,77801.0,775.0,560.0,1335.0,750.0,76276.0,2.0,Safe
Chhattisgarh,Bilaspur,53467.0,5666.0,0.0,5043.0,64175.0,3227.0,60948.0,24371.0,4526.0,28896.0,6048.0,30530.0,47.0,Safe
Chhattisgarh,Dantewara,52642.0,206.0,0.0,944.0,53793.0,3674.0,50119.0,1976.0,1167.0,3143.0,1468.0,46674.0,6.0,Safe
Chhattisgarh,Dhamtari,32926.0,7141.0,0.0,9874.0,49942.0,3779.0,46163.0,33230.0,2915.0,36145.0,3679.0,9254.0,78.0,Semi-Critical
Chhattisgarh,Durg,58283.0,8057.0,7609.0,15758.0,89707.0,7694.0,82013.0,48856.0,7752.0,56608.0,8890.0,24472.0,69.0,Safe
Chhattisgarh,Janjgir Champa,24043.0,6680.0,3126.0,5395.0,39244.0,2474.0,36770.0,11940.0,3350.0,15291.0,4371.0,20459.0,42.0,Safe
Chhattisgarh,Jashpur,41188.0,559.0,5062.0,3474.0,50283.0,2865.0,47418.0,14607.0,1890.0,16497.0,2263.0,30548.0,35.0,Safe
Chhattisgarh,Kanker,78425.0,972.0,8588.0,2525.0,90510.0,5028.0,85481.0,16399.0,1641.0,18040.0,2104.0,66978.0,21.0,Safe
Chhattisgarh,Kawardha,24264.0,2195.0,3048.0,7083.0,36589.0,2308.0,34281.0,20872.0,1848.0,22720.0,2184.0,11224.0,66.0,Safe
Chhattisgarh,Korba,41581.0,832.0,4090.0,2604.0,49107.0,2822.0,46285.0,9664.0,4962.0,14626.0,5676.0,30945.0,32.0,Safe
Chhattisgarh,Koriya,47349.0,1271.0,3397.0,2247.0,54264.0,3310.0,50954.0,9994.0,1530.0,11524.0,1960.0,39000.0,23.0,Safe
Chhattisgarh,Mahasamund,53837.0,3199.0,1096.0,5282.0,63413.0,3600.0,59813.0,24228.0,4008.0,28237.0,5066.0,30518.0,47.0,Safe
Chhattisgarh,Narayanpur,25444.0,219.0,4255.0,375.0,30292.0,1533.0,28759.0,381.0,461.0,841.0,640.0,27738.0,3.0,Safe
Chhattisgarh,Raigarh,32212.0,2233.0,3764.0,4955.0,43164.0,2886.0,40278.0,17574.0,3698.0,21272.0,4616.0,18087.0,53.0,Safe
Chhattisgarh,Raipur,86803.0,21332.0,5614.0,12185.0,125934.0,10166.0,115768.0,40069.0,10033.0,50102.0,11065.0,64634.0,43.0,Safe
Chhattisgarh,Rajnandgaon,30000.0,5999.0,5007.0,5586.0,46592.0,3500.0,43092.0,21529.0,3384.0,24913.0,3478.0,18084.0,58.0,Safe
Chhattisgarh,Surguja,151224.0,2615.0,11115.0,8560.0,173514.0,9812.0,163702.0,38144.0,5235.0,43379.0,7509.0,118049.0,27.0,Safe
Delhi,Darya Ganj,161.0,8.0,27.0,64.0,260.0,26.0,234.0,41.0,98.0,139.0,159.0,34.0,59.0,Safe
Delhi,Karol Bagh,31.0,2.0,5.0,6.0,45.0,4.0,40.0,10.0,45.0,55.0,63.0,0.0,137.0,Over-Exploited
Delhi,Pahar Ganj,59.0,3.0,10.0,8.0,80.0,8.0,72.0,0.0,98.0,98.0,124.0,0.0,137.0,Over-Exploited
Delhi,Gandhi Nagar,147.0,121.0,21.0,108.0,396.0,40.0,357.0,96.0,188.0,284.0,258.0,3.0,80.0,Semi-Critical
Delhi,Preet Vihar,175.0,147.0,25.0,289.0,635.0,32.0,604.0,691.0,775.0,1466.0,833.0,0.0,243.0,Over-Exploited
Delhi,Vivek Vihar,175.0,6.0,25.0,47.0,252.0,25.0,227.0,57.0,316.0,374.0,330.0,0.0,164.0,Over-Exploited
Delhi,Chanakay Puri,188.0,55.0,31.0,118.0,393.0,39.0,353.0,300.0,40.0,340.0,67.0,0.0,96.0,Critical
Delhi,Connaught Place,120.0,22.0,20.0,48.0,210.0,21.0,189.0,125.0,24.0,149.0,40.0,24.0,79.0,Semi-Critical
Delhi,Parliament Street,110.0,24.0,18.0,43.0,195.0,19.0,175.0,128.0,31.0,160.0,53.0,0.0,91.0,Critical
Delhi,Civil Lines,632.0,125.0,105.0,497.0,1359.0,136.0,1223.0,86.0,679.0,764.0,737.0,401.0,62.0,Safe
Delhi,Kotwali,65.0,54.0,11.0,12.0,143.0,14.0,128.0,53.0,98.0,151.0,109.0,0.0,118.0,Over-Exploited
Delhi,Sadar Bazar,44.0,1.0,7.0,2.0,54.0,5.0,49.0,0.0,53.0,53.0,60.0,0.0,110.0,Over-Exploited
Delhi,Seelam Pur,309.0,314.0,43.0,304.0,970.0,97.0,873.0,329.0,415.0,743.0,583.0,0.0,85.0,Semi-Critical
Delhi,Seema Puri,99.0,2.0,14.0,12.0,127.0,6.0,120.0,0.0,269.0,269.0,267.0,0.0,223.0,Over-Exploited
Delhi,Shahdra,42.0,12.0,6.0,98.0,158.0,16.0,143.0,0.0,287.0,287.0,285.0,0.0,201.0,Over-Exploited
Delhi,Model Town,203.0,66.0,25.0,234.0,529.0,53.0,476.0,70.0,777.0,848.0,767.0,0.0,178.0,Over-Exploited
Delhi,Narela,1967.0,1433.0,286.0,1429.0,5115.0,256.0,4859.0,1973.0,1749.0,3722.0,2014.0,872.0,77.0,Semi-Critical
Delhi,Saraswati Vihar,988.0,908.0,127.0,965.0,2987.0,299.0,2689.0,1239.0,3207.0,4446.0,3173.0,0.0,165.0,Over-Exploited
Delhi,Defence Colony,498.0,323.0,88.0,241.0,1150.0,115.0,1035.0,299.0,1046.0,1346.0,1092.0,0.0,130.0,Over-Exploited
Delhi,Hauz Khas,825.0,652.0,112.0,103.0,1692.0,169.0,1523.0,467.0,3099.0,3565.0,3235.0,0.0,234.0,Over-Exploited
Delhi,Kalkaji,800.0,649.0,105.0,184.0,1739.0,174.0,1565.0,1127.0,2001.0,3128.0,2072.0,0.0,200.0,Over-Exploited
Delhi,Delhi Cantonment,583.0,112.0,79.0,118.0,892.0,89.0,803.0,369.0,1475.0,1844.0,1439.0,0.0,230.0,Over-Exploited
Delhi,Najafgarh,1016.0,4258.0,156.0,1582.0,7012.0,351.0,6661.0,5787.0,2601.0,8388.0,2510.0,0.0,126.0,Over-Exploited
Delhi,Vasant Vihar,1311.0,216.0,178.0,143.0,1848.0,185.0,1663.0,304.0,2241.0,2545.0,2160.0,0.0,153.0,Over-Exploited
Delhi,Patel Nagar,264.0,86.0,43.0,674.0,1067.0,53.0,1014.0,74.0,1871.0,1945.0,1924.0,0.0,192.0,Over-Exploited
Delhi,Panjabi Bagh,295.0,117.0,25.0,939.0,1376.0,69.0,1307.0,381.0,833.0,1214.0,941.0,0.0,93.0,Critical
Delhi,Rajouri Garden,120.0,26.0,19.0,203.0,368.0,37.0,331.0,18.0,874.0,892.0,897.0,0.0,269.0,Over-Exploited
Goa,North Goa,9758.0,51.0,0.0,4448.0,14257.0,5703.0,8554.0,778.0,1750.0,2527.0,2166.0,5610.0,30.0,Safe
Goa,South Goa,5913.0,786.0,644.0,2638.0,9982.0,3993.0,5989.0,228.0,1359.0,1586.0,1682.0,4079.0,26.0,Safe
Gujarat,Ahmedabad,44095.0,9521.0,0.0,8070.0,61686.0,3377.0,58309.0,38491.0,7203.0,45694.0,9597.0,12740.0,78.0,Semi-Critical
Gujarat,Amreli,61736.0,9585.0,0.0,9514.0,80836.0,4042.0,76794.0,46774.0,2637.0,49411.0,3532.0,26488.0,64.0,Safe
Gujarat,Anand,34561.0,21623.0,0.0,22695.0,78879.0,4539.0,74340.0,33888.0,5128.0,39016.0,6875.0,33576.0,52.0,Safe
Gujarat,Banaskantha,82040.0,13061.0,0.0,20424.0,115525.0,7739.0,107787.0,109620.0,5696.0,115316.0,7638.0,5917.0,107.0,Over-Exploited
Gujarat,Bharuch,30556.0,2450.0,0.0,7909.0,40916.0,2046.0,38870.0,16182.0,2228.0,18410.0,2978.0,19710.0,47.0,Safe
Gujarat,Bhavnagar,64370.0,16749.0,0.0,13160.0,94280.0,4714.0,89566.0,51733.0,5638.0,57371.0,7561.0,30271.0,64.0,Safe
Gujarat,Dang,6883.0,1891.0,0.0,329.0,9103.0,455.0,8648.0,902.0,566.0,1468.0,758.0,6988.0,17.0,Safe
Gujarat,Dohad,21542.0,6890.0,0.0,8822.0,37254.0,1863.0,35392.0,13256.0,4395.0,17651.0,5547.0,16588.0,50.0,Safe
Gujarat,Gandhinagar,38140.0,5013.0,0.0,5685.0,48838.0,3538.0,45300.0,51272.0,3112.0,54384.0,4257.0,0.0,120.0,Over-Exploited
Gujarat,Jamnagar,71335.0,11279.0,0.0,7400.0,90014.0,4501.0,85513.0,50412.0,4500.0,54912.0,6033.0,29068.0,64.0,Safe
Gujarat,Junagadh,109853.0,12852.0,0.0,14523.0,137228.0,6861.0,130366.0,73356.0,6869.0,80225.0,9203.0,47807.0,62.0,Safe
Gujarat,Kachchh,55414.0,12927.0,0.0,15470.0,83811.0,4191.0,79621.0,58927.0,4243.0,63170.0,5694.0,15855.0,79.0,Semi-Critical
Gujarat,Kheda,47791.0,14753.0,0.0,15493.0,78037.0,4026.0,74011.0,41345.0,5866.0,47210.0,7862.0,24805.0,64.0,Safe
Gujarat,Mahesana,69114.0,7639.0,0.0,11271.0,88025.0,4401.0,83624.0,91506.0,5562.0,97068.0,7455.0,423.0,116.0,Over-Exploited
Gujarat,Narmada,16400.0,1778.0,0.0,4447.0,22625.0,1131.0,21494.0,4826.0,1554.0,6380.0,2085.0,14583.0,30.0,Safe
Gujarat,Navsari,17965.0,8968.0,0.0,13613.0,40546.0,2027.0,38518.0,16249.0,2344.0,18593.0,3117.0,19153.0,48.0,Safe
Gujarat,Panchmahals,36651.0,13917.0,0.0,23371.0,73939.0,3697.0,70242.0,23568.0,5569.0,29137.0,7007.0,39666.0,41.0,Safe
Gujarat,Patan,19710.0,3082.0,0.0,5272.0,28064.0,2806.0,25258.0,28978.0,1921.0,30899.0,2495.0,0.0,122.0,Over-Exploited
Gujarat,Porbandar,17266.0,2124.0,0.0,1352.0,20743.0,1037.0,19705.0,13278.0,835.0,14113.0,1618.0,4809.0,72.0,Semi-Critical
Gujarat,Rajkot,109364.0,19838.0,0.0,23622.0,152825.0,7641.0,145183.0,87049.0,7816.0,94865.0,10344.0,47790.0,65.0,Safe
Gujarat,Sabarkantha,92046.0,15694.0,0.0,17140.0,124881.0,6244.0,118637.0,80640.0,5614.0,86254.0,7738.0,30259.0,73.0,Semi-Critical
Gujarat,Surat,32201.0,19485.0,0.0,33947.0,85633.0,4282.0,81352.0,30197.0,6315.0,36512.0,8339.0,42816.0,45.0,Safe
Gujarat,Surendranagar,57259.0,3097.0,0.0,5947.0,66303.0,3315.0,62987.0,34561.0,2937.0,37498.0,3936.0,24490.0,60.0,Safe
Gujarat,Tapi,25007.0,3178.0,0.0,7289.0,35474.0,1774.0,33701.0,9633.0,1397.0,11030.0,1824.0,22243.0,33.0,Safe
Gujarat,Vadodara,95165.0,11319.0,0.0,19497.0,125982.0,6299.0,119682.0,56601.0,8129.0,64730.0,10566.0,52515.0,54.0,Safe
Gujarat,Valsad,22402.0,5822.0,0.0,7186.0,35410.0,1771.0,33640.0,11521.0,2669.0,14190.0,3578.0,18541.0,42.0,Safe
Haryana,Ambala,30834.0,10923.0,9196.0,7148.0,58101.0,4849.0,53252.0,38323.0,7710.0,46033.0,8954.0,5975.0,86.0,Semi-Critical
Haryana,Panchkula,8164.0,2373.0,2569.0,1792.0,14898.0,980.0,13918.0,8464.0,2790.0,11254.0,4319.0,1135.0,81.0,Semi-Critical
Haryana,Fatehabad,17482.0,20511.0,3300.0,17586.0,58879.0,5887.0,52992.0,90660.0,1400.0,92060.0,1809.0,-39477.0,174.0,Over-Exploited
Haryana,Bhiwani,33642.0,12844.0,6122.0,15476.0,68084.0,6227.0,61857.0,70596.0,758.0,71354.0,832.0,-9571.0,115.0,Over-Exploited
Haryana,Hissar,22210.0,16117.0,4389.0,26202.0,68918.0,6598.0,62320.0,57841.0,452.0,58293.0,565.0,3914.0,94.0,Critical
Haryana,Gurgaon,12560.0,3023.0,4440.0,6697.0,26720.0,2672.0,24048.0,36266.0,18152.0,54418.0,18152.0,-30370.0,226.0,Over-Exploited
Haryana,Mewat,10254.0,4243.0,4280.0,5531.0,24308.0,1944.0,22364.0,17586.0,1190.0,18776.0,1755.0,3023.0,84.0,Semi-Critical
Haryana,Faridabad,9059.0,3975.0,3256.0,5448.0,21738.0,2174.0,19564.0,12691.0,2232.0,14923.0,2733.0,4140.0,76.0,Semi-Critical
Haryana,Palwal,12683.0,13076.0,2497.0,17948.0,46204.0,3297.0,42907.0,40597.0,999.0,41596.0,1310.0,1000.0,97.0,Critical
Haryana,Jhajjar,12543.0,13043.0,2822.0,16899.0,45307.0,4069.0,41238.0,40768.0,291.0,41059.0,339.0,131.0,100.0,Critical
Haryana,Jind,18941.0,28732.0,9601.0,36267.0,93541.0,8749.0,84792.0,91079.0,3717.0,94796.0,3812.0,-10099.0,112.0,Over-Exploited
Haryana,Kaithal,16997.0,21240.0,5193.0,15272.0,58702.0,5193.0,53509.0,108316.0,6241.0,114557.0,6241.0,-61048.0,214.0,Over-Exploited
Haryana,Karnal,26958.0,26173.0,5315.0,31797.0,90243.0,8012.0,82231.0,120647.0,1244.0,121891.0,1244.0,-39660.0,148.0,Over-Exploited
Haryana,Kurukshetra,17963.0,9082.0,4946.0,6380.0,38371.0,3038.0,35333.0,71099.0,6737.0,77836.0,6737.0,-42503.0,220.0,Over-Exploited
Haryana,Mahendragarh,13402.0,1924.0,3335.0,5819.0,24480.0,2000.0,22480.0,22506.0,421.0,22927.0,470.0,-496.0,102.0,Over-Exploited
Haryana,Panipat,12814.0,8687.0,2597.0,10441.0,34539.0,3452.0,31087.0,50148.0,496.0,50644.0,496.0,-19557.0,163.0,Over-Exploited
Haryana,Rewari,13018.0,3609.0,3075.0,11844.0,31546.0,3154.0,28392.0,31999.0,116.0,32115.0,126.0,-3733.0,113.0,Over-Exploited
Haryana,Rohtak,10823.0,15309.0,4179.0,17653.0,47964.0,4193.0,43771.0,30488.0,100.0,30588.0,117.0,13166.0,70.0,Semi-Critical
Haryana,Sirsa,14540.0,27928.0,4903.0,38575.0,85946.0,8594.0,77352.0,135443.0,776.0,136219.0,776.0,-58867.0,176.0,Over-Exploited
Haryana,Sonepat,22272.0,25405.0,5955.0,31921.0,85553.0,8555.0,76998.0,102617.0,4630.0,107247.0,4639.0,-30258.0,139.0,Over-Exploited
Haryana,Yamunanagar,27599.0,9097.0,9165.0,7960.0,53821.0,5380.0,48441.0,56434.0,10215.0,66649.0,10499.0,-18492.0,138.0,Over-Exploited
Himachal Pradesh,Indaura Valley,7533.47,314.28,2090.68,628.56,10566.99,528.35,10038.64,3771.37,1492.35,5263.72,1492.35,4774.92,52.0,Safe
Himachal Pradesh,Nurpur Valley,5155.6,125.85,1872.52,251.7,7405.67,370.28,7035.39,1510.2,1511.33,3021.53,1511.33,4013.86,43.0,Safe
Himachal Pradesh,Balh Valley,2118.76,21.15,792.11,42.29,2974.31,148.72,2825.59,253.73,659.04,912.77,659.04,1912.82,32.0,Safe
Himachal Pradesh,Paonta Valley,6658.61,109.67,1120.77,219.34,8108.39,405.42,7702.97,1316.02,858.44,2174.46,858.44,5528.51,28.0,Safe
Himachal Pradesh,Kala Amb Valley,71.02,4.24,17.93,8.47,101.66,5.08,96.58,50.81,494.51,545.32,494.51,-448.74,565.0,Over-Exploited
Himachal Pradesh,Nalagarh Valley,6283.55,184.91,1521.57,369.82,8359.85,417.99,7941.86,2218.92,2113.39,4332.31,2113.39,3609.55,55.0,Safe
Himachal Pradesh,Una Valley,10464.22,1681.81,2537.96,3108.76,17792.75,889.64,16903.11,15480.4,5485.88,20966.28,5485.88,-4063.17,124.0,Over-Exploited
Himachal Pradesh,Hum Valley,389.14,41.57,113.26,49.14,593.11,29.66,563.45,454.14,106.9,561.04,125.36,-16.05,100.0,Critical
Jammu & Kashmir,Jammu,39840.0,55640.0,10000.0,24622.0,130102.0,13010.0,117092.0,12993.0,8503.0,21496.0,9162.0,94937.0,18.0,Safe
Jammu & Kashmir,Kathua,18613.0,21474.0,4637.0,8946.0,53671.0,5367.0,48304.0,5469.0,3127.0,8596.0,3793.0,39043.0,18.0,Safe
Jammu & Kashmir,Srinagar,5908.0,8742.0,1474.0,488.0,16612.0,1661.0,14951.0,500.0,9328.0,9827.0,12304.0,2147.0,66.0,Safe
Jammu & Kashmir,Anantnag,13245.0,34367.0,3300.0,98.0,51009.0,5101.0,45908.0,69.0,5014.0,5083.0,6447.0,39392.0,11.0,Safe
Jammu & Kashmir,Baramulla,23040.0,22138.0,5760.0,832.0,51770.0,5177.0,46593.0,401.0,4071.0,4472.0,4959.0,41233.0,10.0,Safe
Jammu & Kashmir,Badgam,9131.0,18127.0,2278.0,96.0,29632.0,2963.0,26669.0,62.0,7088.0,7150.0,8519.0,18088.0,27.0,Safe
Jammu & Kashmir,Pulwama,9349.0,19182.0,2337.0,24.0,30893.0,3089.0,27803.0,90.0,7922.0,8012.0,10318.0,17395.0,29.0,Safe
Jammu & Kashmir,Kupwara,8342.0,10607.0,2086.0,20.0,21055.0,2106.0,18950.0,24.0,4858.0,4882.0,6607.0,12318.0,26.0,Safe
Jammu & Kashmir,Udhampur,2384.0,2892.0,597.0,611.0,6483.0,648.0,5835.0,15.0,2785.0,2800.0,3045.0,2775.0,48.0,Safe
Jammu & Kashmir,Rajouri,6440.0,2967.0,1610.0,782.0,11800.0,1180.0,10620.0,231.0,3102.0,3333.0,4063.0,6326.0,31.0,Safe
Jammu & Kashmir,Poonch,3920.0,4960.0,980.0,574.0,10434.0,1043.0,9391.0,5.0,3762.0,3767.0,4910.0,4476.0,40.0,Safe
Jammu & Kashmir,Doda,2153.0,2919.0,492.0,407.0,5972.0,597.0,5374.0,6.0,1043.0,1049.0,1715.0,3654.0,20.0,Safe
Jammu & Kashmir,Kargil,240.0,1283.0,60.0,0.0,1583.0,158.0,1425.0,0.0,132.0,132.0,167.0,1259.0,9.0,Safe
Jammu & Kashmir,Leh,2640.0,804.0,660.0,0.0,4104.0,410.0,3694.0,12.0,40.0,52.0,55.0,3627.0,1.0,Safe
Jharkhand,Bokaro,20333.0,158.0,2546.0,1849.0,24886.0,1805.0,23081.0,5488.0,2474.0,7962.0,3575.0,14018.0,34.0,Safe
Jharkhand,Chatra,24927.0,216.0,3427.0,2389.0,30959.0,2187.0,28772.0,8886.0,1374.0,10260.0,2262.0,17623.0,36.0,Safe
Jharkhand,Deoghar,17805.0,53.0,6304.0,1506.0,25668.0,1935.0,23733.0,5527.0,2754.0,8282.0,4783.0,13423.0,35.0,Safe
Jharkhand,Dhanbad,12716.0,66.0,2587.0,1010.0,16378.0,1435.0,14943.0,3715.0,4623.0,8338.0,5780.0,5449.0,56.0,Safe
Jharkhand,Dumka,20061.0,2314.0,6125.0,1713.0,30212.0,3021.0,27191.0,5635.0,1948.0,7582.0,2509.0,19047.0,28.0,Safe
Jharkhand,E-Singhbhum,26081.0,146.0,4982.0,891.0,32101.0,3001.0,29100.0,3138.0,3467.0,6605.0,3837.0,22125.0,23.0,Safe
Jharkhand,Garhwa,25680.0,1555.0,4041.0,2493.0,33768.0,2783.0,30986.0,9221.0,2027.0,11248.0,2925.0,18839.0,36.0,Safe
Jharkhand,Giridih,37470.0,81.0,6363.0,3141.0,47055.0,3360.0,43695.0,12308.0,3913.0,16221.0,5245.0,26142.0,37.0,Safe
Jharkhand,Godda,10583.0,1151.0,2648.0,1105.0,15487.0,1216.0,14271.0,4369.0,2052.0,6421.0,2414.0,7488.0,45.0,Safe
Jharkhand,Gumla,31233.0,905.0,8154.0,2462.0,42754.0,4275.0,38478.0,9094.0,1622.0,10716.0,2176.0,27208.0,28.0,Safe
Jharkhand,Hazaribagh,27712.0,703.0,5999.0,2991.0,37404.0,3154.0,34250.0,11022.0,3378.0,14399.0,4556.0,18673.0,42.0,Safe
Jharkhand,Jamtara,13568.0,14.0,3429.0,876.0,17888.0,1480.0,16407.0,3268.0,1401.0,4669.0,1888.0,11251.0,28.0,Safe
Jharkhand,Khunti,10438.0,658.0,4660.0,1031.0,16786.0,1679.0,15107.0,3728.0,724.0,4452.0,1166.0,10213.0,29.0,Safe
Jharkhand,Koderma,6335.0,3.0,1371.0,474.0,8182.0,610.0,7572.0,1818.0,885.0,2703.0,1286.0,4468.0,36.0,Safe
Jharkhand,Latehar,21629.0,147.0,3362.0,1566.0,26703.0,2086.0,24617.0,5772.0,1006.0,6778.0,1520.0,17325.0,28.0,Safe
Jharkhand,Lohardaga,7550.0,356.0,2313.0,956.0,11176.0,1118.0,10058.0,3498.0,627.0,4125.0,948.0,5612.0,41.0,Safe
Jharkhand,Pakur,11340.0,279.0,3314.0,256.0,15188.0,1405.0,13783.0,785.0,1255.0,2041.0,1897.0,11101.0,15.0,Safe
Jharkhand,Palamu,29279.0,1616.0,5715.0,2631.0,39242.0,3566.0,35676.0,9633.0,2654.0,12287.0,3855.0,22188.0,34.0,Safe
Jharkhand,Ramgarh,11423.0,44.0,1513.0,873.0,13854.0,1219.0,12635.0,3237.0,1806.0,5043.0,1867.0,7531.0,40.0,Safe
Jharkhand,Ranchi,28405.0,996.0,7795.0,3016.0,40212.0,3625.0,36587.0,11404.0,5982.0,17386.0,8718.0,16465.0,48.0,Safe
Jharkhand,Sahebganj,12190.0,196.0,1770.0,379.0,14535.0,1307.0,13228.0,957.0,2113.0,3070.0,3159.0,9112.0,23.0,Safe
Jharkhand,Saraikela,16180.0,617.0,4329.0,317.0,21443.0,1977.0,19465.0,690.0,2640.0,3330.0,3308.0,15467.0,17.0,Safe
Jharkhand,Simdega,23463.0,276.0,5298.0,1655.0,30693.0,2865.0,27828.0,7021.0,1086.0,8107.0,1630.0,19178.0,29.0,Safe
Jharkhand,W-Singhbhum,28470.0,887.0,8387.0,393.0,38136.0,3394.0,34742.0,1064.0,3064.0,4128.0,4563.0,29114.0,12.0,Safe
Karnataka,Bagalkote,12284.0,15081.0,5950.0,9893.0,43208.0,3634.0,39574.0,32904.0,3028.0,35932.0,3838.0,10795.0,91.0,Critical
Karnataka,Bangalore Rural,9511.0,3419.0,4999.0,3463.0,21391.0,1206.0,20184.0,22376.0,3239.0,25616.0,3240.0,107.0,127.0,Over-Exploited
Karnataka,Bangalore Urban,7031.0,1205.0,3624.0,1557.0,13417.0,670.0,12746.0,12229.0,5749.0,17978.0,5749.0,0.0,141.0,Over-Exploited
Karnataka,Belgaum,32940.0,47292.0,10926.0,22967.0,114125.0,10689.0,103436.0,73925.0,6337.0,80261.0,8000.0,31892.0,78.0,Semi-Critical
Karnataka,Bellary,21260.0,23230.0,13408.0,15048.0,72946.0,6980.0,65966.0,24363.0,3072.0,27436.0,4871.0,37877.0,42.0,Safe
Karnataka,Bidar,22699.0,2201.0,3874.0,3948.0,32722.0,2042.0,30680.0,15732.0,1766.0,17498.0,2348.0,13719.0,57.0,Safe
Karnataka,Bijapur,27163.0,7944.0,9209.0,7130.0,51446.0,4036.0,47410.0,30634.0,5006.0,35640.0,6070.0,16071.0,75.0,Semi-Critical
Karnataka,Chamrajnagara,13119.0,11074.0,6062.0,7529.0,37785.0,3463.0,34322.0,26170.0,1446.0,27616.0,1910.0,10017.0,80.0,Semi-Critical
Karnataka,Chikballapur,11987.0,8362.0,7901.0,4453.0,32703.0,2820.0,29883.0,40612.0,2705.0,43318.0,2735.0,1591.0,145.0,Over-Exploited
Karnataka,Chikmagalur,36800.0,12513.0,12862.0,6455.0,68630.0,12228.0,56402.0,22015.0,2235.0,24250.0,2604.0,32580.0,43.0,Safe
Karnataka,Chitradurga,22475.0,8789.0,15463.0,8125.0,54852.0,5174.0,49677.0,47941.0,2941.0,50882.0,3557.0,5998.0,102.0,Over-Exploited
Karnataka,Dakshin Kannada,39267.0,1691.0,7174.0,3447.0,51579.0,19175.0,32404.0,19414.0,2958.0,22373.0,3471.0,10614.0,69.0,Safe
Karnataka,Davangere,21977.0,10555.0,13697.0,14986.0,61215.0,5263.0,55952.0,46814.0,2800.0,49613.0,4236.0,11840.0,89.0,Semi-Critical
Karnataka,Dharwad,14556.0,3810.0,6236.0,2549.0,27151.0,5406.0,21745.0,11850.0,917.0,12767.0,1524.0,8549.0,59.0,Safe
Karnataka,Gadag,10826.0,5740.0,6012.0,4549.0,27127.0,2170.0,24957.0,20613.0,1577.0,22190.0,2011.0,5581.0,89.0,Semi-Critical
Karnataka,Gulbarga,29185.0,5181.0,9049.0,25880.0,69295.0,5996.0,63299.0,16699.0,3374.0,20073.0,4609.0,42025.0,32.0,Safe
Karnataka,Hassan,21739.0,28695.0,13069.0,18516.0,82020.0,8428.0,73593.0,37804.0,2347.0,40151.0,3486.0,38414.0,55.0,Safe
Karnataka,Haveri,18802.0,23494.0,9235.0,6657.0,58188.0,5034.0,53154.0,31214.0,2680.0,33894.0,3734.0,18465.0,64.0,Safe
Karnataka,Kodagu,20382.0,1570.0,9156.0,1220.0,32328.0,4887.0,27441.0,5451.0,433.0,5884.0,617.0,21373.0,21.0,Safe
Karnataka,Kolar,12847.0,6287.0,7515.0,7241.0,33889.0,2062.0,31828.0,57766.0,1757.0,59523.0,1757.0,0.0,187.0,Over-Exploited
Karnataka,Koppal,13610.0,19868.0,7018.0,19596.0,60093.0,5740.0,54352.0,21625.0,1590.0,23215.0,2533.0,31181.0,43.0,Safe
Karnataka,Mandya,12658.0,45481.0,7482.0,38774.0,104395.0,10292.0,94103.0,42432.0,2043.0,44476.0,3470.0,52536.0,47.0,Safe
Karnataka,Mysore,18838.0,19228.0,12551.0,12774.0,63391.0,5588.0,57803.0,23075.0,2043.0,25118.0,3634.0,32178.0,43.0,Safe
Karnataka,Raichur,19668.0,30039.0,9152.0,33257.0,92116.0,8907.0,83209.0,23232.0,2207.0,25439.0,3483.0,57628.0,31.0,Safe
Karnataka,Ramanagara,8720.0,4378.0,7004.0,3986.0,24087.0,1789.0,22298.0,19527.0,4527.0,24054.0,4779.0,749.0,108.0,Over-Exploited
Karnataka,Shimoga,41067.0,35836.0,11424.0,19888.0,108216.0,15667.0,92549.0,23330.0,1962.0,25292.0,2856.0,66378.0,27.0,Safe
Karnataka,Tumkur,27235.0,22330.0,20112.0,15752.0,85428.0,7005.0,78424.0,73846.0,4488.0,78334.0,6596.0,15495.0,100.0,Critical
Karnataka,Udupi,45144.0,958.0,5995.0,1736.0,53834.0,21058.0,32775.0,9646.0,2393.0,12039.0,2888.0,20241.0,37.0,Safe
Karnataka,Uttar Kannada,70874.0,3637.0,5611.0,3299.0,83421.0,30516.0,52905.0,16869.0,2752.0,19621.0,3256.0,32780.0,37.0,Safe
Karnataka,Yadgir,16438.0,6632.0,5425.0,13171.0,41666.0,3616.0,38050.0,9051.0,1607.0,10657.0,2499.0,26500.0,28.0,Safe
Kerala,Alappuzha,30407.0,70.0,7300.0,10869.0,48646.0,3356.0,45290.0,2992.0,10040.0,13032.0,10372.0,31927.0,29.0,Safe
Kerala,Ernakulam,42496.0,483.0,7942.0,13578.0,64499.0,6173.0,58327.0,10308.0,13931.0,24240.0,15296.0,32722.0,42.0,Safe
Kerala,Idukki,16233.0,110.0,3119.0,2376.0,21838.0,2184.0,19655.0,2874.0,5496.0,8370.0,5985.0,10796.0,43.0,Safe
Kerala,Kannur,45296.0,679.0,0.0,7256.0,53232.0,5219.0,48013.0,10943.0,10939.0,21882.0,11932.0,25137.0,46.0,Safe
Kerala,Kasargod,31039.0,815.0,0.0,4690.0,36544.0,3654.0,32889.0,16705.0,6775.0,23480.0,7798.0,8387.0,71.0,Semi-Critical
Kerala,Kollam,31965.0,166.0,10452.0,4172.0,46756.0,4535.0,42221.0,4015.0,11933.0,15948.0,13016.0,25190.0,38.0,Safe
Kerala,Kottayam,34780.0,133.0,7331.0,6939.0,49182.0,4612.0,44570.0,3491.0,9214.0,12705.0,10704.0,30375.0,29.0,Safe
Kerala,Kozhikode,36227.0,229.0,0.0,1447.0,37904.0,3442.0,34462.0,5200.0,14024.0,19224.0,15793.0,13469.0,56.0,Safe
Kerala,Malappuram,40081.0,360.0,5590.0,8500.0,54531.0,4976.0,49555.0,8166.0,20235.0,28401.0,24392.0,16996.0,57.0,Safe
Kerala,Palakkad,45501.0,1742.0,7769.0,30802.0,85814.0,7432.0,78383.0,35494.0,13151.0,48646.0,14197.0,28894.0,62.0,Safe
Kerala,Pathanamthitta,18208.0,123.0,6126.0,3461.0,27918.0,2616.0,25302.0,3463.0,6004.0,9467.0,6304.0,15534.0,37.0,Safe
Kerala,Thiruvananthapuram,24892.0,285.0,7439.0,2981.0,35596.0,2724.0,32871.0,3985.0,13316.0,17301.0,14699.0,14187.0,53.0,Safe
Kerala,Thrissur,57151.0,1072.0,0.0,17282.0,75505.0,7352.0,68153.0,22167.0,13720.0,35888.0,15216.0,30769.0,53.0,Safe
Kerala,Waynad,30407.0,21.0,0.0,246.0,30675.0,3067.0,27607.0,652.0,4319.0,4971.0,4816.0,22139.0,18.0,Safe
Madhya Pradesh,Alirajpur,19494.0,801.0,0.0,1352.0,21648.0,1082.0,20565.0,3802.0,2162.0,5964.0,2951.0,13813.0,29.0,Safe
Madhya Pradesh,Annupur,34230.0,99.0,5578.0,257.0,40163.0,2008.0,38155.0,1017.0,1162.0,2180.0,1399.0,35738.0,6.0,Safe
Madhya Pradesh,Ashoknagar,36962.0,1650.0,0.0,5556.0,44168.0,2208.0,41959.0,18738.0,1588.0,20326.0,2414.0,20806.0,48.0,Safe
Madhya Pradesh,Balaghat,81283.0,3872.0,8091.0,2579.0,95825.0,4791.0,91034.0,9620.0,3107.0,12728.0,4114.0,77299.0,14.0,Safe
Madhya Pradesh,Barwani,36947.0,1444.0,0.0,5083.0,43475.0,2174.0,41301.0,26800.0,3019.0,29819.0,5004.0,9496.0,72.0,Semi-Critical
Madhya Pradesh,Betul,94384.0,3022.0,12410.0,10141.0,119956.0,5998.0,113959.0,55565.0,3594.0,59159.0,4813.0,53580.0,52.0,Safe
Madhya Pradesh,Bhind,51997.0,749.0,2061.0,11165.0,65972.0,3299.0,62673.0,22632.0,2764.0,25396.0,3718.0,36323.0,41.0,Safe
Madhya Pradesh,Bhopal,31933.0,1863.0,0.0,5431.0,39227.0,1961.0,37266.0,25719.0,2356.0,28075.0,3211.0,8336.0,75.0,Semi-Critical
Madhya Pradesh,Burhanpur,29082.0,877.0,0.0,4118.0,34077.0,1704.0,32373.0,23504.0,1147.0,24651.0,1422.0,7446.0,76.0,Semi-Critical
Madhya Pradesh,Chhatarpur,64451.0,3049.0,0.0,11278.0,78778.0,3939.0,74839.0,47508.0,2761.0,50270.0,4012.0,23318.0,67.0,Safe
Madhya Pradesh,Chhindwara,109835.0,4133.0,11905.0,13734.0,139607.0,6980.0,132627.0,64955.0,5274.0,70230.0,7194.0,60477.0,53.0,Safe
Madhya Pradesh,Damoh,32722.0,1403.0,0.0,8091.0,42217.0,2111.0,40106.0,22861.0,2113.0,24974.0,3761.0,13484.0,62.0,Safe
Madhya Pradesh,Datia,28596.0,684.0,0.0,5475.0,34756.0,1738.0,33018.0,14598.0,1248.0,15847.0,1928.0,16492.0,48.0,Safe
Madhya Pradesh,Dewas,71825.0,2759.0,0.0,13063.0,87646.0,4382.0,83264.0,65523.0,2623.0,68146.0,3582.0,14159.0,82.0,Semi-Critical
Madhya Pradesh,Dhar,80003.0,4483.0,0.0,18531.0,103017.0,5151.0,97867.0,75257.0,5005.0,80262.0,6769.0,15840.0,82.0,Semi-Critical
Madhya Pradesh,Dindori,39722.0,106.0,4683.0,343.0,44853.0,2243.0,42611.0,1857.0,1384.0,3241.0,1714.0,39040.0,8.0,Safe
Madhya Pradesh,Guna,64703.0,3348.0,0.0,10897.0,78949.0,3947.0,75002.0,38689.0,2665.0,41354.0,3389.0,32923.0,55.0,Safe
Madhya Pradesh,Gwalior,35580.0,3726.0,1318.0,12204.0,52828.0,2641.0,50187.0,19710.0,1979.0,21689.0,3815.0,26662.0,43.0,Safe
Madhya Pradesh,Harda,35662.0,2764.0,0.0,15286.0,53712.0,2686.0,51026.0,13730.0,976.0,14706.0,1330.0,35966.0,29.0,Safe
Madhya Pradesh,Hoshangabad,142757.0,10334.0,0.0,60746.0,213837.0,10692.0,203145.0,35051.0,2933.0,37984.0,4348.0,163745.0,19.0,Safe
Madhya Pradesh,Indore,44272.0,3624.0,0.0,12193.0,60089.0,3004.0,57084.0,65109.0,3369.0,68478.0,4183.0,-12207.0,120.0,Over-Exploited
Madhya Pradesh,Jabalpur,51942.0,2675.0,980.0,6640.0,62238.0,3112.0,59126.0,25989.0,3141.0,29130.0,5083.0,28054.0,49.0,Safe
Madhya Pradesh,Jhabua,20706.0,722.0,0.0,1785.0,23214.0,1161.0,22053.0,7657.0,2366.0,10023.0,3142.0,11254.0,45.0,Safe
Madhya Pradesh,Katni,34444.0,1838.0,0.0,4786.0,41068.0,2053.0,39015.0,13404.0,2549.0,15953.0,3893.0,21717.0,41.0,Safe
Madhya Pradesh,Khandwa,72460.0,1825.0,0.0,9533.0,83818.0,4191.0,79627.0,46898.0,2862.0,49760.0,4793.0,27936.0,62.0,Safe
Madhya Pradesh,Khargone,65142.0,2821.0,0.0,11677.0,79640.0,3982.0,75658.0,53171.0,3467.0,56638.0,5062.0,17425.0,75.0,Semi-Critical
Madhya Pradesh,Mandla,48261.0,732.0,6601.0,3007.0,58603.0,2930.0,55672.0,6218.0,2248.0,8465.0,3200.0,46255.0,15.0,Safe
Madhya Pradesh,Mandsaur,46733.0,2385.0,0.0,11115.0,60232.0,3012.0,57221.0,51972.0,3229.0,55201.0,3219.0,2029.0,96.0,Critical
Madhya Pradesh,Morena,41592.0,959.0,1079.0,20459.0,64089.0,3204.0,60885.0,20623.0,4289.0,24912.0,7209.0,33053.0,41.0,Safe
Madhya Pradesh,Narsinghpur,105594.0,2890.0,0.0,14196.0,122679.0,6134.0,116545.0,85929.0,2168.0,88097.0,2708.0,27907.0,76.0,Semi-Critical
Madhya Pradesh,Neemuch,31755.0,3695.0,0.0,7345.0,42795.0,2140.0,40656.0,32094.0,1749.0,33843.0,1973.0,6588.0,83.0,Semi-Critical
Madhya Pradesh,Panna,50500.0,838.0,0.0,3292.0,54629.0,2731.0,51897.0,11531.0,2101.0,13633.0,2925.0,37441.0,26.0,Safe
Madhya Pradesh,Raisen,83521.0,3012.0,0.0,8479.0,95013.0,4751.0,90262.0,37095.0,3168.0,40263.0,4393.0,48775.0,45.0,Safe
Madhya Pradesh,Rajgarh,77303.0,3317.0,0.0,10528.0,91148.0,4557.0,86590.0,68296.0,3457.0,71753.0,4291.0,14004.0,83.0,Semi-Critical
Madhya Pradesh,Ratlam,56957.0,4350.0,0.0,16258.0,77565.0,3878.0,73687.0,90218.0,2382.0,92601.0,2781.0,-19312.0,126.0,Over-Exploited
Madhya Pradesh,Rewa,42292.0,915.0,2610.0,3596.0,49413.0,2471.0,46942.0,20570.0,4609.0,25179.0,5970.0,20402.0,54.0,Safe
Madhya Pradesh,Sagar,110939.0,3425.0,0.0,14738.0,129102.0,6455.0,122647.0,69993.0,2418.0,72411.0,4642.0,48012.0,59.0,Safe
Madhya Pradesh,Satna,43518.0,2147.0,4309.0,7038.0,57012.0,2851.0,54162.0,35041.0,5167.0,40208.0,5867.0,13254.0,74.0,Semi-Critical
Madhya Pradesh,Sehore,62638.0,3436.0,0.0,12873.0,78947.0,3947.0,74999.0,55106.0,2585.0,57692.0,5787.0,14106.0,77.0,Semi-Critical
Madhya Pradesh,Seoni,68249.0,1396.0,551.0,4509.0,74706.0,3735.0,70970.0,17504.0,3029.0,20532.0,4412.0,49055.0,29.0,Safe
Madhya Pradesh,Shahdol,59636.0,216.0,7502.0,508.0,67862.0,3393.0,64469.0,2305.0,1928.0,4233.0,2679.0,59485.0,7.0,Safe
Madhya Pradesh,Shajapur,83175.0,4187.0,0.0,16745.0,104108.0,5205.0,98902.0,93239.0,3583.0,96822.0,3972.0,1691.0,98.0,Critical
Madhya Pradesh,Sheopur,30388.0,587.0,0.0,13631.0,44606.0,2230.0,42376.0,14218.0,1274.0,15492.0,1690.0,26467.0,37.0,Safe
Madhya Pradesh,Shivpuri,63109.0,2995.0,0.0,12517.0,78621.0,3931.0,74690.0,47917.0,3226.0,51143.0,4152.0,22621.0,68.0,Safe
Madhya Pradesh,Sidhi,29807.0,727.0,3277.0,2184.0,35995.0,1800.0,34195.0,10705.0,2433.0,13138.0,3576.0,19914.0,38.0,Safe
Madhya Pradesh,Singrauli,34818.0,683.0,0.0,2057.0,37558.0,1878.0,35680.0,8555.0,2257.0,10812.0,3608.0,23517.0,30.0,Safe
Madhya Pradesh,Tikamgarh,43531.0,2819.0,0.0,12252.0,58602.0,2930.0,55672.0,37827.0,2348.0,40175.0,3813.0,14032.0,72.0,Semi-Critical
Madhya Pradesh,Ujjain,74887.0,4064.0,0.0,16932.0,95883.0,4794.0,91088.0,83560.0,3141.0,86701.0,3935.0,3594.0,95.0,Critical
Madhya Pradesh,Umaria,39318.0,340.0,5917.0,811.0,46386.0,2319.0,44067.0,3661.0,1277.0,4937.0,1873.0,38534.0,11.0,Safe
Madhya Pradesh,Vidisha,82160.0,2058.0,0.0,9513.0,93731.0,4687.0,89045.0,44543.0,3585.0,48128.0,5004.0,39498.0,54.0,Safe
Maharashtra,Ahmednagar,101333.0,13668.0,26970.0,54485.0,196457.0,10325.0,186132.0,148892.0,3403.0,152295.0,6057.0,40936.0,82.0,Semi-Critical
Maharashtra,Akola,31274.0,1223.0,1699.0,8106.0,42302.0,2323.0,39979.0,16785.0,1197.0,17983.0,2394.0,20800.0,45.0,Safe
Maharashtra,Amravati,59485.0,3791.0,7173.0,24537.0,94987.0,5037.0,89950.0,57902.0,2865.0,60767.0,5055.0,30342.0,68.0,Safe
Maharashtra,Aurangabad,69459.0,6423.0,2807.0,40991.0,119680.0,6034.0,113647.0,78500.0,3257.0,81756.0,6392.0,29074.0,72.0,Semi-Critical
Maharashtra,Beed,84288.0,11841.0,15593.0,30325.0,142047.0,7244.0,134803.0,64172.0,4761.0,68932.0,9521.0,61110.0,51.0,Safe
Maharashtra,Bhandara,32384.0,6044.0,3904.0,12287.0,54620.0,3211.0,51409.0,14675.0,2316.0,16992.0,4628.0,32106.0,33.0,Safe
Maharashtra,Buldhana,69345.0,5007.0,5656.0,19830.0,99839.0,5676.0,94162.0,62735.0,2798.0,65533.0,5392.0,27268.0,70.0,Semi-Critical
Maharashtra,Chandrapur,100526.0,4654.0,0.0,4236.0,109415.0,5646.0,103770.0,9663.0,7172.0,16834.0,14344.0,79764.0,16.0,Safe
Maharashtra,Dhule,49795.0,5467.0,0.0,19276.0,74538.0,4334.0,70205.0,34596.0,1784.0,36380.0,3517.0,32093.0,52.0,Safe
Maharashtra,Gadchiroli,85046.0,1086.0,0.0,10250.0,96381.0,4819.0,91562.0,20225.0,2674.0,22899.0,5343.0,65994.0,25.0,Safe
Maharashtra,Gondia,39877.0,6687.0,3209.0,14684.0,64457.0,3846.0,60611.0,8788.0,3397.0,12185.0,6793.0,45030.0,20.0,Safe
Maharashtra,Hingoli,52136.0,1821.0,7211.0,46610.0,107779.0,5389.0,102390.0,36370.0,1804.0,38174.0,3607.0,62412.0,37.0,Safe
Maharashtra,Jalgaon,86016.0,5049.0,4433.0,47955.0,143453.0,7260.0,136193.0,104164.0,6226.0,110390.0,9798.0,29948.0,81.0,Semi-Critical
Maharashtra,Jalna,60031.0,2941.0,693.0,32095.0,95760.0,5253.0,90506.0,46874.0,1295.0,48169.0,2571.0,41081.0,53.0,Safe
Maharashtra,Kolhapur,60002.0,8059.0,3712.0,52339.0,124112.0,6206.0,117907.0,46927.0,1326.0,48253.0,2653.0,68327.0,41.0,Safe
Maharashtra,Latur,52861.0,5138.0,0.0,17869.0,75868.0,3854.0,72014.0,52215.0,2065.0,54280.0,3801.0,18144.0,75.0,Semi-Critical
Maharashtra,Nagpur,70403.0,5306.0,11334.0,26248.0,113290.0,6252.0,107038.0,51179.0,4801.0,55981.0,9430.0,46429.0,52.0,Safe
Maharashtra,Nanded,103980.0,858.0,16635.0,20105.0,141577.0,7116.0,134461.0,43379.0,3046.0,46425.0,6092.0,84990.0,35.0,Safe
Maharashtra,Nandurbar,40734.0,2285.0,0.0,8417.0,51437.0,2823.0,48614.0,22122.0,2373.0,24494.0,4745.0,21747.0,50.0,Safe
Maharashtra,Nashik,147580.0,10415.0,285.0,44143.0,202424.0,10892.0,191532.0,107175.0,3519.0,110693.0,6545.0,82051.0,58.0,Safe
Maharashtra,Osmanabad,67600.0,7587.0,8022.0,23463.0,106673.0,5396.0,101277.0,71082.0,1872.0,72954.0,3628.0,26931.0,72.0,Semi-Critical
Maharashtra,Parbhani,61459.0,719.0,3863.0,30859.0,96900.0,5022.0,91878.0,39446.0,1847.0,41293.0,3673.0,48758.0,45.0,Safe
Maharashtra,Pune,100919.0,13090.0,3692.0,65225.0,182927.0,9623.0,173304.0,119523.0,7067.0,126590.0,12837.0,45714.0,73.0,Semi-Critical
Maharashtra,Raigad,56364.0,410.0,0.0,5826.0,62600.0,3176.0,59425.0,5795.0,2094.0,7889.0,4188.0,49442.0,13.0,Safe
Maharashtra,Ratnagiri,46573.0,164.0,0.0,1347.0,48084.0,2413.0,45670.0,3986.0,1231.0,5217.0,2462.0,39222.0,11.0,Safe
Maharashtra,Sangli,56144.0,9587.0,2481.0,27193.0,95405.0,5925.0,89480.0,71147.0,2803.0,73950.0,5000.0,15871.0,83.0,Semi-Critical
Maharashtra,Satara,63874.0,8934.0,10508.0,25553.0,108869.0,5518.0,103351.0,70465.0,4946.0,75411.0,9564.0,23668.0,73.0,Semi-Critical
Maharashtra,Sindhudurg,24825.0,161.0,348.0,2286.0,27619.0,1381.0,26238.0,7771.0,1963.0,9734.0,3927.0,14541.0,37.0,Safe
Maharashtra,Solapur,99358.0,12852.0,13437.0,42104.0,167751.0,8535.0,159216.0,117997.0,4952.0,122949.0,9116.0,39527.0,77.0,Semi-Critical
Maharashtra,Thane,53005.0,525.0,0.0,8129.0,61659.0,3527.0,58132.0,6341.0,1255.0,7596.0,2510.0,49281.0,13.0,Safe
Maharashtra,Wardha,61676.0,469.0,9366.0,15668.0,87179.0,4707.0,82472.0,34445.0,3504.0,37949.0,7008.0,41019.0,46.0,Safe
Maharashtra,Washim,43903.0,2776.0,1604.0,11052.0,59336.0,3367.0,55969.0,19884.0,1575.0,21459.0,3149.0,32936.0,38.0,Safe
Maharashtra,Yeotmal,104154.0,2715.0,19403.0,13042.0,139315.0,7424.0,131890.0,19385.0,5746.0,25131.0,11492.0,101013.0,19.0,Safe
Manipur,Imphal West-I Block,2613.23,88.14,2144.71,176.38,5022.46,502.25,4520.21,93.0,26.0,119.26,857.16,3570.05,2.64,Safe
Manipur,Imphal West-Ii Block,1775.89,111.73,1457.5,223.47,3568.6,356.86,3211.74,12.0,4.0,16.03,417.82,2781.92,0.5,Safe
Manipur,Imphal East-I Block,2223.68,141.01,1825.0,282.03,4471.72,447.17,4024.54,6.0,2.0,8.02,621.05,3397.49,0.2,Safe
Manipur,Imphal East-Ii Block,4545.71,7.9,3730.72,15.83,8300.16,830.02,7470.14,27.0,7.0,34.08,542.69,6900.45,0.46,Safe
Manipur,Thoubal Block,2860.52,85.17,2347.67,170.37,5463.73,546.37,4917.36,33.0,6.0,39.1,700.75,4183.61,0.8,Safe
Manipur,Kakching Block,3027.61,72.09,2484.8,144.24,5728.74,572.87,5155.87,57.0,5.0,62.18,413.2,4685.67,1.21,Safe
Manipur,Bishnupur District,4353.8,2.923,3573.216,5.87,7935.81,793.58,7142.23,30.0,10.0,40.08,606.936,6505.29,0.56,Safe
Manipur,Churachandpur District,1909.56,14.429,1567.2,28.93,3520.12,352.01,3168.11,75.0,10.0,85.23,449.0,2644.11,2.69,Safe
Meghalaya,East Khasi Hills,35359.0,99.6,1782.0,23.0,37263.0,3726.0,33537.0,0.0,6.0,6.0,3576.0,29961.0,0.018,Safe
Meghalaya,West Garo Hills,51195.0,629.7,2333.0,185.7,54343.0,5434.0,48909.0,150.0,3.55,153.6,5799.0,42959.0,0.314,Safe
Meghalaya,East Garo Hills,37933.0,779.7,1167.0,52.3,39932.0,3993.0,35939.0,0.0,1.76,1.8,2845.0,33094.0,0.005,Safe
Meghalaya,Jaintia Hills,30774.0,353.1,1519.0,136.0,32783.0,3278.0,29505.0,0.0,1.98,2.0,3672.0,25832.0,0.007,Safe
Meghalaya,West Khasi Hills,5687.0,211.5,317.0,48.0,6264.0,626.0,5637.0,0.0,2.03,2.0,3575.0,2063.0,0.036,Safe
Meghalaya,Ri-Bhoi,5015.0,401.4,300.0,0.0,5716.0,572.0,5144.0,0.0,1.25,1.3,2465.0,2680.0,0.024,Safe
Meghalaya,South Garo Hills,1634.0,69.0,35.0,10.0,1748.0,175.0,1573.0,0.0,0.67,0.7,1312.0,261.0,0.043,Safe
Mizoram,Aizawl,242.0,,69.0,,311.0,31.0,280.0,0.0,21.0,21.0,83.0,198.0,7.46,Safe
Mizoram,Champhai,473.0,,223.0,,696.0,70.0,626.0,0.0,16.0,16.0,23.0,603.0,2.54,Safe
Mizoram,Kolasib,384.0,,40.0,,424.0,42.0,382.0,0.0,8.0,8.0,17.0,364.0,2.07,Safe
Mizoram,Lawngtalai,537.0,,42.0,,579.0,58.0,521.0,0.0,9.0,9.0,28.0,493.0,1.64,Safe
Mizoram,Lunglei,196.0,,22.0,,218.0,22.0,196.0,0.0,23.0,23.0,27.0,169.0,11.93,Safe
Mizoram,Mamit,289.0,,36.0,,325.0,33.0,293.0,0.0,7.0,7.0,21.0,272.0,2.41,Safe
Mizoram,Saiha,255.0,,18.0,,273.0,27.0,246.0,0.0,3.0,3.0,11.0,235.0,1.06,Safe
Mizoram,Serchipp,194.0,,17.0,,210.0,21.0,189.0,0.0,10.0,10.0,12.0,177.0,5.29,Safe
Nagaland,Kohima,3198.0,,1668.0,,4866.0,487.0,4379.0,0.0,566.0,566.0,779.0,3601.0,12.9,Safe
Nagaland,Dimapur,16347.0,,8529.0,,24876.0,2488.0,22388.0,0.0,851.0,851.0,1180.0,21209.0,3.8,Safe
Nagaland,Phek,2297.0,,1198.0,,3495.0,350.0,3146.0,0.0,239.0,239.0,277.0,2868.0,7.6,Safe
Nagaland,Mokokchung,4134.0,,2157.0,,6291.0,629.0,5662.0,0.0,286.0,286.0,287.0,5375.0,5.1,Safe
Nagaland,Zunheboto,1638.0,,854.0,,2492.0,249.0,2243.0,0.0,206.0,206.0,207.0,2036.0,9.2,Safe
Nagaland,Wokha,3418.0,,1783.0,,5201.0,520.0,4681.0,0.0,243.0,243.0,255.0,4426.0,5.2,Safe
Nagaland,Tuensang,7594.0,,3962.0,,11556.0,1156.0,10400.0,0.0,642.0,642.0,699.0,9701.0,6.2,Safe
Nagaland,Mon,1849.0,,965.0,,2814.0,281.0,2533.0,0.0,366.0,366.0,368.0,2165.0,14.5,Safe
Odisha,Angul,37078.0,4312.0,1645.0,5795.0,48830.0,2753.0,46077.0,12388.0,3493.0,15881.0,4509.0,29180.0,34.0,Safe
Odisha,Balasore,78853.0,13281.0,4808.0,19543.0,116485.0,6422.0,110063.0,52195.0,5742.0,57937.0,8401.0,49467.0,53.0,Safe
Odisha,Bargarh,38893.0,4556.0,1127.0,4261.0,48837.0,2783.0,46054.0,8607.0,3293.0,11900.0,3797.0,33650.0,26.0,Safe
Odisha,Bhadrak,26200.0,8525.0,1862.0,11629.0,48216.0,2807.0,45409.0,23995.0,2663.0,26658.0,3418.0,17996.0,59.0,Safe
Odisha,Bolangir,45972.0,5958.0,3265.0,5599.0,60794.0,3138.0,57656.0,10045.0,3091.0,13136.0,3421.0,44191.0,23.0,Safe
Odisha,Boudh,14105.0,7742.0,1930.0,6123.0,29900.0,2061.0,27839.0,4698.0,910.0,5608.0,1265.0,21876.0,20.0,Safe
Odisha,Cuttack,38608.0,12326.0,2430.0,22353.0,75717.0,5001.0,70716.0,20774.0,6089.0,26863.0,7620.0,42322.0,38.0,Safe
Odisha,Deogarh,13351.0,4256.0,0.0,4566.0,22173.0,1544.0,20629.0,2657.0,664.0,3321.0,949.0,17023.0,16.0,Safe
Odisha,Dhenkanal,36582.0,3574.0,2820.0,3896.0,46872.0,2608.0,44264.0,8724.0,2797.0,11521.0,3340.0,32200.0,26.0,Safe
Odisha,Gajapati,10985.0,3549.0,5802.0,3673.0,24009.0,1339.0,22670.0,5081.0,1140.0,6221.0,1302.0,16286.0,27.0,Safe
Odisha,Ganjam,52792.0,33115.0,21513.0,15650.0,123070.0,8529.0,114541.0,27508.0,7334.0,34842.0,9475.0,77558.0,30.0,Safe
Odisha,Jagatsinghpur,20734.0,9595.0,2328.0,16026.0,48683.0,3654.0,45029.0,21234.0,1970.0,23204.0,2463.0,21332.0,52.0,Safe
Odisha,Jajpur,39472.0,4761.0,7385.0,8786.0,60404.0,3471.0,56933.0,25515.0,2190.0,27705.0,2999.0,28419.0,49.0,Safe
Odisha,Jharsuguda,14605.0,1572.0,0.0,1600.0,17777.0,986.0,16791.0,3590.0,1563.0,5153.0,1757.0,11444.0,31.0,Safe
Odisha,Kalahandi,49321.0,15576.0,0.0,15088.0,79985.0,5074.0,74911.0,10619.0,4312.0,14931.0,9644.0,54648.0,20.0,Safe
Odisha,Kandhamal,46661.0,5696.0,16364.0,5610.0,74331.0,4065.0,70266.0,7071.0,1776.0,8847.0,2530.0,60665.0,13.0,Safe
Odisha,Kendrapara,5926.0,4318.0,179.0,7282.0,17705.0,924.0,16781.0,8917.0,673.0,9590.0,830.0,7034.0,57.0,Safe
Odisha,Keonjhar,67852.0,5920.0,4720.0,7605.0,86097.0,4774.0,81323.0,18894.0,4395.0,23289.0,4787.0,57642.0,29.0,Safe
Odisha,Khurda,27948.0,7316.0,8884.0,6639.0,50787.0,3169.0,47618.0,10478.0,5227.0,15705.0,7673.0,29467.0,33.0,Safe
Odisha,Koraput,56710.0,7072.0,4249.0,5587.0,73618.0,4501.0,69117.0,3362.0,3409.0,6771.0,3905.0,61850.0,10.0,Safe
Odisha,Malkangiri,25865.0,5111.0,1091.0,3824.0,35891.0,2293.0,33598.0,1858.0,1330.0,3188.0,1853.0,29887.0,9.0,Safe
Odisha,Mayurbhanj,87685.0,31446.0,10090.0,29333.0,158554.0,10360.0,148194.0,37272.0,6469.0,43741.0,8384.0,102538.0,30.0,Safe
Odisha,Nabarangapur,46035.0,1724.0,3824.0,1615.0,53198.0,2720.0,50478.0,4606.0,2986.0,7592.0,6630.0,39242.0,15.0,Safe
Odisha,Nayagarh,25801.0,6297.0,6747.0,6714.0,45559.0,2877.0,42682.0,8293.0,2056.0,10349.0,2489.0,31900.0,24.0,Safe
Odisha,Nuapada,25491.0,5113.0,0.0,5314.0,35918.0,2232.0,33686.0,5511.0,1522.0,7033.0,3262.0,24913.0,21.0,Safe
Odisha,Puri,35384.0,7829.0,11480.0,8202.0,62895.0,4089.0,58806.0,9039.0,3259.0,12298.0,4136.0,45631.0,21.0,Safe
Odisha,Rayagada,42949.0,10007.0,7779.0,9408.0,70143.0,4462.0,65681.0,6944.0,2774.0,9718.0,3161.0,55576.0,15.0,Safe
Odisha,Sambalpur,34746.0,10749.0,0.0,10989.0,56484.0,3964.0,52520.0,5941.0,2594.0,8535.0,3181.0,43398.0,16.0,Safe
Odisha,Subarnapur,17161.0,2348.0,607.0,2531.0,22647.0,1218.0,21429.0,2970.0,1273.0,4243.0,1606.0,16853.0,20.0,Safe
Odisha,Sundergarh,65419.0,9060.0,0.0,7621.0,82100.0,4775.0,77325.0,12471.0,4628.0,17099.0,5389.0,59465.0,22.0,Safe
Punjab,Amritsar,31831.0,73083.0,8390.0,23767.0,137072.0,13707.0,123365.0,217150.0,5008.0,222158.0,7810.0,-101596.0,180.0,Over-Exploited
Punjab,Barnala,12058.0,34679.0,2239.0,16512.0,65488.0,6549.0,58939.0,118878.0,1254.0,120132.0,1839.0,-61778.0,204.0,Over-Exploited
Punjab,Bathinda,27051.0,37913.0,5030.0,41144.0,111138.0,9458.0,101681.0,118446.0,3005.0,121452.0,4500.0,-21266.0,119.0,Over-Exploited
Punjab,Faridkot,12575.0,35926.0,2187.0,17158.0,67846.0,6785.0,61061.0,95603.0,1943.0,97546.0,1943.0,-36485.0,160.0,Over-Exploited
Punjab,Fateh Garh Sahib,16209.0,30474.0,3685.0,9542.0,59910.0,5991.0,53919.0,111180.0,2076.0,113256.0,2702.0,-59963.0,210.0,Over-Exploited
Punjab,Ferozepur,40799.0,114703.0,8670.0,46442.0,210614.0,21061.0,189552.0,275576.0,3375.0,278951.0,4989.0,-91013.0,147.0,Over-Exploited
Punjab,Gurdaspur,57702.0,92053.0,15253.0,31224.0,196232.0,18612.0,177621.0,219741.0,6637.0,226378.0,9313.0,-51433.0,127.0,Over-Exploited
Punjab,Hoshiarpur,48029.0,27202.0,12219.0,11075.0,98525.0,8752.0,89774.0,87047.0,4917.0,91963.0,6248.0,-3522.0,102.0,Over-Exploited
Punjab,Jalandhar,36096.0,61810.0,8341.0,24282.0,130529.0,13053.0,117476.0,267002.0,4729.0,271731.0,6813.0,-156339.0,231.0,Over-Exploited
Punjab,Kapurthala,21559.0,38424.0,5914.0,7458.0,73355.0,7335.0,66019.0,150588.0,3900.0,154488.0,4693.0,-89261.0,234.0,Over-Exploited
Punjab,Ludhiana,48155.0,110670.0,10141.0,62300.0,231265.0,23127.0,208139.0,336828.0,11229.0,348057.0,16442.0,-145131.0,167.0,Over-Exploited
Punjab,Mansa,17834.0,35437.0,3586.0,20529.0,77386.0,7739.0,69647.0,144741.0,13.0,144754.0,13.0,-75107.0,208.0,Over-Exploited
Punjab,Moga,21876.0,77174.0,4277.0,30642.0,133969.0,13397.0,120572.0,242148.0,1802.0,243949.0,2378.0,-123953.0,202.0,Over-Exploited
Punjab,Muktsar,20934.0,28256.0,3921.0,33460.0,86571.0,8657.0,77914.0,51625.0,2460.0,54085.0,2460.0,23829.0,69.0,Safe
Punjab,Nawan Shahr,20248.0,28986.0,4971.0,15512.0,69718.0,6972.0,62746.0,70742.0,1515.0,72256.0,1887.0,-9883.0,115.0,Over-Exploited
Punjab,Patiala,44007.0,79988.0,9392.0,32670.0,166056.0,16606.0,149451.0,288631.0,4348.0,292979.0,6675.0,-145855.0,196.0,Over-Exploited
Punjab,Ropar,18731.0,13350.0,4327.0,9215.0,45623.0,3794.0,41829.0,43775.0,2384.0,46159.0,3191.0,-5136.0,110.0,Over-Exploited
Punjab,Mohali,19496.0,4665.0,4263.0,2113.0,30538.0,3054.0,27484.0,23576.0,4618.0,28194.0,5535.0,-1626.0,103.0,Over-Exploited
Punjab,Sangrur,40154.0,76431.0,9016.0,19456.0,145057.0,14506.0,130551.0,366396.0,3031.0,369427.0,4445.0,-240290.0,283.0,Over-Exploited
Punjab,Tarn Taran,27149.0,62516.0,7297.0,19040.0,116002.0,11600.0,104402.0,187566.0,2664.0,190230.0,4217.0,-87381.0,182.0,Over-Exploited
Rajasthan,Ajmer,27610.0,1489.0,0.0,6412.0,35511.0,3305.0,32206.0,41547.0,4691.0,46238.0,4691.0,0.0,144.0,Over-Exploited
Rajasthan,Alwar,57442.0,3380.0,7575.0,11154.0,79551.0,6382.0,73169.0,121552.0,9566.0,131118.0,9595.0,399.0,179.0,Over-Exploited
Rajasthan,Banswara,10540.0,1050.0,0.0,14171.0,25761.0,2696.0,23066.0,9231.0,1961.0,11192.0,2853.0,10982.0,49.0,Safe
Rajasthan,Baran,36263.0,5759.0,279.0,9666.0,51967.0,4804.0,47163.0,52596.0,3938.0,56534.0,4475.0,5562.0,120.0,Over-Exploited
Rajasthan,Barmer,25196.0,622.0,0.0,1435.0,27253.0,2524.0,24729.0,23901.0,6766.0,30666.0,6847.0,2117.0,124.0,Over-Exploited
Rajasthan,Bharatpur,36864.0,2580.0,1672.0,8134.0,49250.0,4314.0,44936.0,45839.0,6378.0,52218.0,6569.0,396.0,116.0,Over-Exploited
Rajasthan,Bhilwara,33176.0,2310.0,0.0,10945.0,46431.0,4476.0,41955.0,50198.0,3980.0,54178.0,3980.0,0.0,129.0,Over-Exploited
Rajasthan,Bikaner,24004.0,235.0,0.0,1026.0,25265.0,1263.0,24001.0,25867.0,8374.0,34241.0,9033.0,4011.0,143.0,Over-Exploited
Rajasthan,Bundi,22293.0,2754.0,0.0,17217.0,42265.0,5970.0,36295.0,33669.0,2711.0,36380.0,3472.0,5328.0,100.0,Critical
Rajasthan,Chittorgarh,25898.0,1833.0,0.0,7546.0,35276.0,3417.0,31860.0,43227.0,1379.0,44606.0,1379.0,0.0,140.0,Over-Exploited
Rajasthan,Churu,14101.0,0.0,0.0,0.0,14101.0,705.0,13395.0,9445.0,2408.0,11854.0,4398.0,3096.0,88.0,Semi-Critical
Rajasthan,Dausa,21700.0,1186.0,343.0,3145.0,26373.0,2620.0,23753.0,37886.0,2487.0,40374.0,2487.0,0.0,170.0,Over-Exploited
Rajasthan,Dholpur,21430.0,1383.0,0.0,5499.0,28312.0,2382.0,25930.0,30706.0,2526.0,33233.0,2576.0,1596.0,128.0,Over-Exploited
Rajasthan,Dungarpur,7986.0,1211.0,0.0,4906.0,14103.0,1291.0,12812.0,8396.0,882.0,9278.0,4416.0,0.0,72.0,Semi-Critical
Rajasthan,Ganganagar,2711.0,14301.0,669.0,23118.0,40798.0,4080.0,36719.0,15617.0,545.0,16163.0,1033.0,20068.0,44.0,Safe
Rajasthan,Hanumangarh,2954.0,6950.0,316.0,12429.0,22649.0,2265.0,20384.0,15716.0,705.0,16421.0,1107.0,3561.0,81.0,Semi-Critical
Rajasthan,Jaipur,58832.0,2331.0,3333.0,6742.0,71238.0,6685.0,64552.0,108111.0,25686.0,133797.0,25733.0,979.0,207.0,Over-Exploited
Rajasthan,Jaisalmer,6721.0,16.0,0.0,55.0,6792.0,633.0,6159.0,9356.0,2893.0,12249.0,2961.0,1874.0,199.0,Over-Exploited
Rajasthan,Jalore,40787.0,1114.0,0.0,4383.0,46285.0,4086.0,42200.0,77952.0,4090.0,82042.0,4191.0,969.0,194.0,Over-Exploited
Rajasthan,Jhalawar,36546.0,1968.0,0.0,5657.0,44171.0,2948.0,41223.0,47601.0,1583.0,49183.0,1940.0,479.0,119.0,Over-Exploited
Rajasthan,Jhunjhunu,21173.0,213.0,3498.0,1466.0,26350.0,2350.0,24000.0,45604.0,8571.0,54175.0,8604.0,330.0,226.0,Over-Exploited
Rajasthan,Jodhpur,38126.0,656.0,2139.0,2031.0,42952.0,4239.0,38713.0,73164.0,10415.0,83579.0,11303.0,4761.0,216.0,Over-Exploited
Rajasthan,Karauli,31897.0,1162.0,0.0,4254.0,37313.0,3617.0,33697.0,41177.0,5064.0,46241.0,4984.0,1239.0,137.0,Over-Exploited
Rajasthan,Kota,31458.0,3089.0,0.0,22142.0,56689.0,5359.0,51330.0,42097.0,4891.0,46988.0,6251.0,7776.0,92.0,Critical
Rajasthan,Nagaur,51178.0,517.0,4161.0,2219.0,58075.0,5649.0,52426.0,81186.0,17893.0,99079.0,18953.0,4120.0,189.0,Over-Exploited
Rajasthan,Pali,27262.0,848.0,0.0,4749.0,32859.0,3229.0,29630.0,31436.0,2747.0,34184.0,3048.0,959.0,115.0,Over-Exploited
Rajasthan,Pratapgarh,11064.0,926.0,0.0,3532.0,15521.0,1436.0,14086.0,16884.0,597.0,17481.0,982.0,399.0,124.0,Over-Exploited
Rajasthan,Rajsamand,8495.0,786.0,0.0,2592.0,11873.0,1187.0,10686.0,10270.0,1525.0,11795.0,1525.0,63.0,110.0,Over-Exploited
Rajasthan,Sawai Madhopur,33916.0,1499.0,0.0,4222.0,39636.0,3594.0,36042.0,37408.0,7947.0,45355.0,8375.0,209.0,126.0,Over-Exploited
Rajasthan,Sikar,26968.0,294.0,4006.0,880.0,32148.0,3037.0,29111.0,37052.0,5842.0,42894.0,6238.0,972.0,147.0,Over-Exploited
Rajasthan,Sirohi,26211.0,878.0,0.0,3249.0,30338.0,2854.0,27485.0,29952.0,1108.0,31061.0,1484.0,1126.0,113.0,Over-Exploited
Rajasthan,Tonk,36225.0,2834.0,0.0,9294.0,48353.0,4459.0,43894.0,35745.0,7635.0,43380.0,9104.0,1841.0,99.0,Critical
Rajasthan,Udaipur,21242.0,1433.0,0.0,6010.0,28685.0,3394.0,25291.0,22931.0,3195.0,26125.0,3946.0,450.0,103.0,Over-Exploited
Sikkim,North,,,,,,,236.0,27.0,62.0,89.0,67.0,142.0,38.0,Safe
Sikkim,South,,,,,,,1336.0,89.0,210.0,299.0,247.0,1001.0,22.0,Safe
Sikkim,East,,,,,,,782.0,77.0,400.0,477.0,489.0,216.0,61.0,Safe
Sikkim,West,,,,,,,2062.0,81.0,189.0,269.0,219.0,1763.0,13.0,Safe
Tamil Nadu,Ariyalur,14374.0,15999.0,1851.0,2772.0,34996.0,3500.0,31497.0,13793.0,2359.0,16152.0,2506.0,15198.0,51.0,Safe
Tamil Nadu,Chennai,1228.0,844.0,84.0,851.0,3007.0,301.0,2707.0,,6125.0,6125.0,6961.0,-4255.0,226.0,Over-Exploited
Tamil Nadu,Coimbatore,22784.0,10007.0,5971.0,9995.0,48757.0,4876.0,43881.0,44920.0,5695.0,50615.0,5338.0,-6376.0,115.0,Over-Exploited
Tamil Nadu,Cuddalore,55022.0,70431.0,7592.0,4409.0,137454.0,13745.0,123708.0,49902.0,56774.0,106676.0,57188.0,16619.0,86.0,Semi-Critical
Tamil Nadu,Dharmapuri,18693.0,15364.0,3936.0,3767.0,41760.0,4176.0,37584.0,47799.0,1931.0,49730.0,2191.0,-12406.0,132.0,Over-Exploited
Tamil Nadu,Dindigul,23317.0,15306.0,6732.0,14261.0,59617.0,5962.0,53656.0,61267.0,2408.0,63675.0,2745.0,-10356.0,119.0,Over-Exploited
Tamil Nadu,Erode,17229.0,47984.0,4619.0,7505.0,77336.0,7734.0,69603.0,58656.0,6512.0,65168.0,6986.0,3961.0,94.0,Critical
Tamil Nadu,Kanchipuram,37896.0,62020.0,3830.0,13504.0,117250.0,11725.0,105525.0,63840.0,5579.0,69419.0,8940.0,32746.0,66.0,Safe
Tamil Nadu,Kanniyakumari,2533.0,18039.0,9783.0,3473.0,33829.0,3383.0,30446.0,4257.0,1486.0,5743.0,1623.0,24566.0,19.0,Safe
Tamil Nadu,Karur,13116.0,15136.0,4249.0,3414.0,35914.0,3591.0,32323.0,27922.0,1942.0,29864.0,2207.0,2194.0,92.0,Critical
Tamil Nadu,Krishnagiri,19842.0,11431.0,5029.0,3135.0,39437.0,3944.0,35494.0,45189.0,1954.0,47144.0,2782.0,-12478.0,133.0,Over-Exploited
Tamil Nadu,Madurai,14420.0,45407.0,4475.0,8885.0,73186.0,7319.0,65868.0,36412.0,1615.0,38027.0,1836.0,27620.0,58.0,Safe
Tamil Nadu,Nagapattinam,8026.0,7311.0,1001.0,1347.0,17684.0,1768.0,15916.0,15168.0,1121.0,16288.0,1274.0,-525.0,102.0,Over-Exploited
Tamil Nadu,Namakkal,14872.0,31112.0,3820.0,4832.0,54637.0,5464.0,49173.0,41563.0,2421.0,43984.0,1915.0,5695.0,89.0,Semi-Critical
Tamil Nadu,Nilgiri,10390.0,139.0,2583.0,104.0,13216.0,1322.0,11894.0,545.0,587.0,1131.0,625.0,10724.0,10.0,Safe
Tamil Nadu,Perambalur,8992.0,8970.0,2578.0,2530.0,23069.0,2307.0,20762.0,27053.0,1024.0,28076.0,1118.0,-7408.0,135.0,Over-Exploited
Tamil Nadu,Pudukkottai,78395.0,52619.0,13699.0,14296.0,159009.0,15901.0,143108.0,29139.0,2299.0,31438.0,2427.0,111542.0,22.0,Safe
Tamil Nadu,Ramanathapuram,26400.0,32551.0,8191.0,8712.0,75854.0,7585.0,68268.0,4856.0,3115.0,7970.0,3540.0,59872.0,12.0,Safe
Tamil Nadu,Salem,24115.0,19454.0,5155.0,9450.0,58174.0,5817.0,52356.0,80527.0,5105.0,85632.0,2866.0,-31037.0,164.0,Over-Exploited
Tamil Nadu,Sivagangai,26386.0,58885.0,6826.0,17446.0,109543.0,10954.0,98589.0,14120.0,1596.0,15716.0,1782.0,82687.0,16.0,Safe
Tamil Nadu,Thanjavur,32512.0,40275.0,5469.0,9416.0,87673.0,8767.0,78905.0,79511.0,2421.0,81933.0,2752.0,-3358.0,104.0,Over-Exploited
Tamil Nadu,Theni,9217.0,14943.0,8315.0,7211.0,39686.0,3969.0,35718.0,28804.0,1973.0,30778.0,2104.0,4809.0,86.0,Semi-Critical
Tamil Nadu,Thiruvallur,28054.0,48973.0,2042.0,1864.0,80933.0,8093.0,72840.0,28804.0,20485.0,49289.0,21133.0,22902.0,68.0,Safe
Tamil Nadu,Thoothukudi,17598.0,29460.0,6071.0,7377.0,60507.0,6051.0,54456.0,19506.0,4030.0,23536.0,4565.0,30385.0,43.0,Safe
Tamil Nadu,Tirunelveli,21648.0,63404.0,9167.0,4482.0,98702.0,9870.0,88832.0,48721.0,2941.0,51662.0,3262.0,36849.0,58.0,Safe
Tamil Nadu,Tiruppur,19141.0,14243.0,5060.0,10805.0,49250.0,4925.0,44325.0,52448.0,3801.0,56248.0,3676.0,-11799.0,127.0,Over-Exploited
Tamil Nadu,Tiruvarur,14476.0,12448.0,1977.0,4410.0,33311.0,3331.0,29980.0,20077.0,1343.0,21420.0,1527.0,8376.0,71.0,Semi-Critical
Tamil Nadu,Tirvannamalai,40015.0,66707.0,5000.0,9760.0,121482.0,12148.0,109334.0,87993.0,4444.0,92437.0,4972.0,16369.0,85.0,Semi-Critical
Tamil Nadu,Trichy,22721.0,45849.0,5931.0,6121.0,80622.0,8062.0,72560.0,49777.0,7339.0,57115.0,2727.0,20056.0,79.0,Semi-Critical
Tamil Nadu,Vellore,26695.0,29555.0,4974.0,4643.0,65867.0,6587.0,59280.0,53833.0,8311.0,62144.0,9304.0,-3857.0,105.0,Over-Exploited
Tamil Nadu,Villupuram,51439.0,100300.0,6558.0,8178.0,166475.0,16648.0,149828.0,148243.0,5691.0,153935.0,6453.0,-4869.0,103.0,Over-Exploited
Tamil Nadu,Virudhunagar,16818.0,22390.0,6888.0,8925.0,55021.0,5502.0,49519.0,32236.0,1950.0,34186.0,2481.0,14802.0,69.0,Safe
Tripura,West Tripura,48816.0,0.0,21602.0,25363.0,95781.0,8084.0,87697.0,7134.0,3104.0,10238.0,8463.0,72100.0,12.0,Safe
Tripura,South Tripura,37250.0,0.0,21170.0,17420.0,75840.0,7027.0,68813.0,1980.0,1725.0,3705.0,5622.0,61211.0,5.0,Safe
Tripura,North Tripura,20457.0,0.0,15954.0,9242.0,45653.0,3613.0,42039.0,174.0,1366.0,1540.0,4073.0,37792.0,4.0,Safe
Tripura,Dhalai,18277.0,0.0,15317.0,7797.0,41390.0,4139.0,37251.0,30.0,745.0,775.0,1800.0,35421.0,2.0,Safe
Uttar Pradesh,Agra,48347.0,12250.0,6827.0,23124.0,90549.0,8335.0,82214.0,87858.0,5693.0,93551.0,9317.0,5192.0,114.0,Over-Exploited
Uttar Pradesh,Aligarh,50778.0,13115.0,7430.0,24593.0,95916.0,9108.0,86808.0,65379.0,5920.0,71299.0,9842.0,12409.0,82.0,Semi-Critical
Uttar Pradesh,Allahabad,74231.0,23835.0,0.0,25782.0,123848.0,6317.0,117531.0,83812.0,11320.0,95132.0,15587.0,21956.0,81.0,Semi-Critical
Uttar Pradesh,Ambedkar Nagar,47963.0,24800.0,10664.0,24983.0,108410.0,5420.0,102989.0,53578.0,5016.0,58595.0,7932.0,41479.0,57.0,Safe
Uttar Pradesh,Amethi,54563.0,23534.0,3287.0,29977.0,111360.0,10580.0,100781.0,63720.0,5286.0,69006.0,8841.0,28220.0,68.0,Safe
Uttar Pradesh,Amroha (J P Nagar),46911.0,8080.0,6880.0,12072.0,73944.0,7394.0,66549.0,69268.0,2878.0,72146.0,5033.0,4314.0,108.0,Over-Exploited
Uttar Pradesh,Auraiya,28211.0,12461.0,0.0,26951.0,67624.0,3381.0,64242.0,41471.0,2777.0,44249.0,3954.0,18817.0,69.0,Safe
Uttar Pradesh,Azamgarh,69175.0,23619.0,16826.0,30234.0,139854.0,6993.0,132861.0,73309.0,13186.0,86495.0,23148.0,37525.0,65.0,Safe
Uttar Pradesh,Baghapat,29823.0,6355.0,0.0,12872.0,49050.0,3681.0,45369.0,42401.0,2199.0,44600.0,3598.0,934.0,98.0,Critical
Uttar Pradesh,Bahraich,95364.0,5868.0,5581.0,10979.0,117793.0,10243.0,107549.0,52440.0,6798.0,59238.0,12951.0,42159.0,55.0,Safe
Uttar Pradesh,Ballia,47366.0,15753.0,10390.0,20126.0,93634.0,4682.0,88953.0,52184.0,6739.0,58924.0,10707.0,26062.0,66.0,Safe
Uttar Pradesh,Balrampur,73415.0,5612.0,0.0,10331.0,89359.0,4468.0,84891.0,38075.0,4219.0,42294.0,5583.0,41232.0,50.0,Safe
Uttar Pradesh,Banda,53101.0,9729.0,0.0,8661.0,71491.0,3945.0,67546.0,34094.0,2804.0,36898.0,3926.0,29526.0,55.0,Safe
Uttar Pradesh,Barabanki,91221.0,38900.0,18426.0,70014.0,218560.0,10928.0,207632.0,126319.0,7211.0,133529.0,10714.0,70599.0,64.0,Safe
Uttar Pradesh,Bareilly,135274.0,22746.0,0.0,32447.0,190467.0,16071.0,174396.0,97066.0,6785.0,103851.0,10476.0,66853.0,60.0,Safe
Uttar Pradesh,Basti.,68119.0,12767.0,14739.0,14931.0,110557.0,9512.0,101044.0,74544.0,4831.0,79375.0,7291.0,19209.0,79.0,Semi-Critical
Uttar Pradesh,Bijnor,113990.0,9571.0,12418.0,14144.0,150124.0,12605.0,137519.0,87228.0,5524.0,92752.0,9402.0,45971.0,67.0,Safe
Uttar Pradesh,Budaun,85934.0,10064.0,9611.0,16806.0,122415.0,11037.0,111378.0,88593.0,5799.0,94392.0,8359.0,17042.0,85.0,Semi-Critical
Uttar Pradesh,Bulandshahar,61151.0,35717.0,7471.0,62993.0,167331.0,15466.0,151866.0,118443.0,5953.0,124396.0,8403.0,26314.0,82.0,Semi-Critical
Uttar Pradesh,Chandauli,36585.0,22595.0,0.0,16261.0,75441.0,3772.0,71669.0,22954.0,4298.0,27251.0,8868.0,39848.0,38.0,Safe
Uttar Pradesh,Chitrakoot,23836.0,1162.0,0.0,1492.0,26490.0,1995.0,24495.0,14043.0,2155.0,16197.0,4206.0,7586.0,66.0,Safe
Uttar Pradesh,Deoria,64979.0,12674.0,9515.0,19333.0,106500.0,5325.0,101175.0,71517.0,7505.0,79022.0,10006.0,19652.0,78.0,Semi-Critical
Uttar Pradesh,Etah,32177.0,12040.0,5513.0,21601.0,71331.0,7133.0,64198.0,53131.0,3550.0,56682.0,5638.0,6878.0,88.0,Semi-Critical
Uttar Pradesh,Etawah,36418.0,13401.0,2330.0,25666.0,77814.0,3891.0,73924.0,31472.0,2522.0,33995.0,3276.0,39175.0,46.0,Safe
Uttar Pradesh,Faizabad,43060.0,13025.0,9073.0,15620.0,80778.0,8078.0,72700.0,41401.0,3810.0,45211.0,4731.0,26568.0,62.0,Safe
Uttar Pradesh,Farrukhabad,42839.0,6295.0,4413.0,11604.0,65151.0,3258.0,61894.0,46022.0,3394.0,49417.0,5225.0,10647.0,80.0,Semi-Critical
Uttar Pradesh,Fatehpur,67645.0,21328.0,0.0,30810.0,119784.0,8255.0,111528.0,100681.0,5500.0,106181.0,9581.0,4085.0,95.0,Critical
Uttar Pradesh,Firozabad,35467.0,13865.0,5719.0,25338.0,80390.0,7344.0,73046.0,81486.0,4055.0,85541.0,7144.0,5266.0,117.0,Over-Exploited
Uttar Pradesh,G.B.Nagar,19100.0,8500.0,2796.0,20515.0,50911.0,5091.0,45820.0,39872.0,2772.0,42644.0,3134.0,3944.0,93.0,Critical
Uttar Pradesh,Ghaziabad,13444.0,5484.0,1730.0,10938.0,31596.0,1580.0,30016.0,24457.0,7109.0,31567.0,12456.0,2452.0,105.0,Over-Exploited
Uttar Pradesh,Ghazipur,61401.0,25380.0,11594.0,34249.0,132624.0,7539.0,125085.0,77844.0,7770.0,85615.0,12708.0,34970.0,68.0,Safe
Uttar Pradesh,Gonda,79389.0,9364.0,18395.0,16039.0,123187.0,6159.0,117028.0,75828.0,6834.0,82662.0,9582.0,31618.0,71.0,Semi-Critical
Uttar Pradesh,Gorakhpur,121911.0,12732.0,30277.0,20613.0,185533.0,9277.0,176256.0,88964.0,7181.0,96145.0,13661.0,73632.0,55.0,Safe
Uttar Pradesh,Hamirpur,31678.0,5400.0,7263.0,12448.0,56788.0,5253.0,51535.0,30091.0,2952.0,33042.0,4944.0,16732.0,64.0,Safe
Uttar Pradesh,Hapur,21638.0,7009.0,2631.0,13209.0,44488.0,4449.0,40039.0,32979.0,2670.0,35649.0,3645.0,5045.0,89.0,Semi-Critical
Uttar Pradesh,Hardoi,94150.0,39799.0,7540.0,49433.0,190921.0,9546.0,181375.0,116701.0,7579.0,124280.0,11907.0,52767.0,69.0,Safe
Uttar Pradesh,Hathras,24475.0,12004.0,3954.0,22089.0,62522.0,5041.0,57482.0,45783.0,2802.0,48585.0,3871.0,10278.0,85.0,Semi-Critical
Uttar Pradesh,Jalaun,71566.0,28678.0,9862.0,84756.0,194862.0,9743.0,185119.0,48576.0,4395.0,52971.0,6333.0,130211.0,29.0,Safe
Uttar Pradesh,Jaunpur,70473.0,26135.0,0.0,39515.0,136123.0,11816.0,124306.0,101176.0,9427.0,110604.0,15990.0,14904.0,89.0,Semi-Critical
Uttar Pradesh,Jhansi,36077.0,4246.0,7258.0,16940.0,64522.0,3226.0,61296.0,37904.0,3802.0,41706.0,4380.0,19012.0,68.0,Safe
Uttar Pradesh,Kannauj,34481.0,9287.0,3845.0,20444.0,68057.0,3403.0,64654.0,39804.0,3238.0,43042.0,4635.0,24210.0,67.0,Safe
Uttar Pradesh,Kanpur Dehat,53789.0,14055.0,0.0,23613.0,91458.0,4573.0,86885.0,55181.0,3793.0,58974.0,5565.0,26139.0,68.0,Safe
Uttar Pradesh,Kanpur Nagar,48714.0,11846.0,0.0,22374.0,82934.0,4147.0,78787.0,56225.0,10375.0,66601.0,24734.0,0.0,85.0,Semi-Critical
Uttar Pradesh,Kasganj,27819.0,12595.0,4718.0,18766.0,63898.0,5807.0,58090.0,55147.0,2658.0,57805.0,4206.0,4026.0,100.0,Critical
Uttar Pradesh,Kaushambhi,37495.0,7631.0,1472.0,8897.0,55494.0,5549.0,49945.0,42184.0,3298.0,45482.0,5051.0,6575.0,91.0,Critical
Uttar Pradesh,Kushi Nagar,89472.0,32475.0,11618.0,41692.0,175257.0,8763.0,166495.0,71076.0,7644.0,78720.0,14300.0,81120.0,47.0,Safe
Uttar Pradesh,Lakhimpur Kheri,144565.0,37590.0,39274.0,78139.0,299568.0,14978.0,284590.0,169197.0,8240.0,177437.0,15233.0,100160.0,62.0,Safe
Uttar Pradesh,Lalitpur,27587.0,4824.0,5604.0,13695.0,51709.0,2585.0,49124.0,27215.0,3056.0,30271.0,3512.0,18397.0,62.0,Safe
Uttar Pradesh,Lucknow,37945.0,11883.0,0.0,17872.0,67700.0,3385.0,64315.0,39879.0,4232.0,44110.0,8375.0,16062.0,69.0,Safe
Uttar Pradesh,Maharajganj,56730.0,20125.0,14733.0,26478.0,118066.0,5903.0,112163.0,63577.0,5760.0,69337.0,10069.0,38516.0,62.0,Safe
Uttar Pradesh,Mahoba,13128.0,1222.0,0.0,3614.0,17965.0,1796.0,16168.0,16639.0,1496.0,18135.0,2675.0,23.0,112.0,Over-Exploited
Uttar Pradesh,Mainpuri,43035.0,16922.0,7561.0,32565.0,100084.0,8501.0,91583.0,74933.0,3612.0,78546.0,5280.0,14890.0,86.0,Semi-Critical
Uttar Pradesh,Mathura,40265.0,24647.0,7051.0,44494.0,116457.0,11646.0,104812.0,92384.0,4003.0,96387.0,6190.0,22239.0,92.0,Critical
Uttar Pradesh,Maunath Bhanjan,30417.0,6603.0,6224.0,7594.0,50838.0,2542.0,48296.0,29635.0,4125.0,33759.0,7289.0,11372.0,70.0,Semi-Critical
Uttar Pradesh,Meerut,47580.0,27422.0,5742.0,45769.0,126513.0,11353.0,115160.0,77433.0,3381.0,80814.0,4636.0,33560.0,70.0,Semi-Critical
Uttar Pradesh,Mirzapur,39704.0,11376.0,0.0,12274.0,63354.0,5535.0,57819.0,30919.0,5150.0,36070.0,10388.0,16889.0,62.0,Safe
Uttar Pradesh,Moradabad,56377.0,12133.0,6964.0,15468.0,90941.0,8245.0,82697.0,65493.0,4668.0,70161.0,7744.0,13956.0,85.0,Semi-Critical
Uttar Pradesh,Muzaffarnagar,51273.0,17292.0,9560.0,30232.0,108357.0,10218.0,98139.0,60527.0,4718.0,65246.0,7644.0,36019.0,66.0,Safe
Uttar Pradesh,Pilibhit,90623.0,18995.0,0.0,26764.0,136382.0,12452.0,123930.0,76128.0,3846.0,79974.0,6034.0,41768.0,65.0,Safe
Uttar Pradesh,Pratapgarh,72982.0,16173.0,12766.0,20501.0,122422.0,6778.0,115645.0,128377.0,34556.0,162933.0,44922.0,28204.0,141.0,Over-Exploited
Uttar Pradesh,Raebarely,42628.0,15568.0,7884.0,23772.0,89852.0,4493.0,85359.0,57189.0,4943.0,62132.0,8313.0,19857.0,73.0,Semi-Critical
Uttar Pradesh,Rampur,47689.0,10053.0,5521.0,14577.0,77840.0,7784.0,70056.0,70689.0,4014.0,74703.0,7026.0,7053.0,107.0,Over-Exploited
Uttar Pradesh,Saharanpur,71478.0,24900.0,12021.0,37966.0,146365.0,13284.0,133081.0,171402.0,5523.0,176925.0,8804.0,0.0,133.0,Over-Exploited
Uttar Pradesh,Sambhal,45853.0,7644.0,5124.0,12481.0,71103.0,7110.0,63993.0,65636.0,4095.0,69732.0,6459.0,1718.0,109.0,Over-Exploited
Uttar Pradesh,Sant Kabeer Nagar,50201.0,6318.0,12692.0,8673.0,77885.0,6683.0,71202.0,44391.0,3377.0,47768.0,5628.0,21183.0,67.0,Safe
Uttar Pradesh,Sant Ravidas Nagar,24920.0,8916.0,0.0,10577.0,44413.0,4441.0,39972.0,33608.0,3373.0,36980.0,6390.0,473.0,93.0,Critical
Uttar Pradesh,Shahjahnpur,103531.0,15180.0,10931.0,20921.0,150562.0,13295.0,137267.0,76348.0,5268.0,81616.0,7772.0,53147.0,59.0,Safe
Uttar Pradesh,Shamli,20672.0,8905.0,4384.0,13102.0,47063.0,4706.0,42357.0,56694.0,2636.0,59331.0,3841.0,447.0,140.0,Over-Exploited
Uttar Pradesh,Shrawasti,28955.0,3416.0,6988.0,5875.0,45234.0,3124.0,42110.0,27376.0,2239.0,29615.0,4315.0,10419.0,70.0,Semi-Critical
Uttar Pradesh,Siddhrth Nagar,104481.0,13407.0,22838.0,19393.0,160120.0,14848.0,145272.0,87581.0,5727.0,93308.0,9986.0,47705.0,64.0,Safe
Uttar Pradesh,Sitapur,124772.0,38248.0,9141.0,74188.0,246350.0,12317.0,234032.0,155285.0,9190.0,164475.0,14167.0,64580.0,70.0,Semi-Critical
Uttar Pradesh,Sonbhadra,18494.0,3239.0,0.0,1420.0,23153.0,2047.0,21106.0,7620.0,1480.0,9100.0,6706.0,6780.0,43.0,Safe
Uttar Pradesh,Sultanpur,52243.0,27371.0,2932.0,32534.0,115081.0,10539.0,104541.0,70793.0,5300.0,76092.0,9222.0,24526.0,73.0,Semi-Critical
Uttar Pradesh,Unnao,92496.0,35570.0,7583.0,56837.0,192486.0,17043.0,175443.0,108387.0,6163.0,114550.0,10001.0,57054.0,65.0,Safe
Uttar Pradesh,Varanasi,37096.0,7270.0,0.0,9628.0,53994.0,5399.0,48595.0,36338.0,5590.0,41928.0,11852.0,3402.0,86.0,Semi-Critical
Uttarakhand,Dehradun,28304.0,1344.0,5185.0,1782.0,36614.0,156.0,36458.0,4292.0,215.0,4507.0,4061.0,28105.0,12.0,Safe
Uttarakhand,Hardwar,22058.0,15348.0,5932.0,30839.0,74177.0,3074.0,71103.0,38104.0,1411.0,39515.0,2294.0,30705.0,56.0,Safe
Uttarakhand,Nainital,7713.0,546.0,1176.0,983.0,10418.0,76.0,10341.0,4369.0,87.0,4456.0,241.0,5731.0,43.0,Safe
Uttarakhand,Udham Singh Nagar,51388.0,8455.0,7703.0,15279.0,82825.0,1187.0,81639.0,63566.0,1271.0,64837.0,2747.0,15326.0,79.0,Semi-Critical
West Bengal,Malda,98062.0,26189.0,8413.0,21102.0,153766.0,13854.0,139912.0,49349.0,6129.0,55478.0,9423.0,81140.0,40.0,Safe
West Bengal,Nadia,101137.0,45261.0,17298.0,44931.0,208627.0,17533.0,191095.0,168092.0,7923.0,176016.0,10348.0,12654.0,92.0,Critical
West Bengal,Kochbihar,186567.0,72428.0,4735.0,11049.0,274778.0,27478.0,247301.0,37722.0,4327.0,42049.0,5827.0,203752.0,17.0,Safe
West Bengal,North 24 Parganas,101900.0,29335.0,7576.0,23718.0,162530.0,14959.0,147570.0,78061.0,14044.0,92104.0,18559.0,50951.0,62.0,Safe
West Bengal,Dakshin Dinajpur,72030.0,19662.0,6151.0,17206.0,115049.0,11505.0,103544.0,45253.0,2562.0,47814.0,3276.0,55015.0,46.0,Safe
West Bengal,Uttar Dinajpur,123119.0,31595.0,7188.0,23230.0,185131.0,13839.0,171293.0,74202.0,4600.0,78802.0,7237.0,89853.0,46.0,Safe
West Bengal,Bankura,91833.0,27820.0,20483.0,29169.0,169305.0,15568.0,153736.0,56995.0,4586.0,61581.0,7181.0,89560.0,40.0,Safe
West Bengal,Purulia,46951.0,13027.0,7942.0,4650.0,72569.0,6612.0,65957.0,1456.0,4489.0,5944.0,6220.0,58281.0,9.0,Safe
West Bengal,Jalpaiguri,204758.0,61381.0,3840.0,11850.0,281830.0,28183.0,253647.0,7132.0,4278.0,11410.0,5751.0,240764.0,4.0,Safe
West Bengal,Barddhaman,185096.0,52724.0,12416.0,32365.0,282601.0,24719.0,257882.0,82336.0,9383.0,91719.0,15393.0,160154.0,36.0,Safe
West Bengal,Murshidabad,135790.0,44175.0,17016.0,45125.0,242107.0,19848.0,222259.0,165522.0,9871.0,175392.0,16623.0,40114.0,79.0,Semi-Critical
West Bengal,Birbhum,76316.0,20237.0,7257.0,14917.0,118728.0,11049.0,107679.0,32297.0,3825.0,36121.0,7537.0,67846.0,34.0,Safe
West Bengal,Howrah,14807.0,5416.0,1165.0,6865.0,28254.0,1879.0,26375.0,4561.0,2149.0,6710.0,5507.0,16307.0,25.0,Safe
West Bengal,Darjeeling,37197.0,10226.0,871.0,1279.0,49573.0,4957.0,44616.0,799.0,1436.0,2235.0,1956.0,41861.0,5.0,Safe
West Bengal,Hoogly,91552.0,26354.0,6476.0,22506.0,146888.0,13994.0,132895.0,52750.0,7038.0,59787.0,10471.0,69674.0,45.0,Safe
West Bengal,Paschim Medinipur,231961.0,70757.0,11561.0,38487.0,352767.0,32843.0,319924.0,95196.0,7714.0,102910.0,12536.0,212193.0,32.0,Safe
West Bengal,Purba Medinipur,53801.0,15030.0,1902.0,9873.0,80606.0,8061.0,72545.0,20226.0,2960.0,23186.0,4216.0,48102.0,32.0,Safe
Andaman & Nicobar,Andaman Nicobar,26183.0,,4621.0,,30804.0,2156.0,28648.0,63.0,1208.0,1271.0,1375.0,27209.0,4.44,Safe
Chandigarh,Chandigarh Ut,1545.0,62.0,488.0,61.0,2156.0,216.0,1940.0,0.0,0.0,0.0,,,0.0,Safe
Dadra & Nagar Haveli,Ut Of Dadra & Nagar Ha,,347.0,941.0,663.0,6216.0,311.0,5905.0,724.0,563.0,1287.0,997.0,4185.0,22.0,Safe
Daman & Diu,Daman,978.0,122.0,0.0,159.0,1259.0,63.0,1196.0,938.0,125.0,1063.0,235.0,23.0,89.0,Semi-Critical
Daman & Diu,Diu,458.0,31.0,0.0,61.0,550.0,55.0,495.0,509.0,68.0,577.0,80.0,0.0,117.0,Over-Exploited
Lakshadweep,Agatti,,,,,108.0,72.0,35.0,,28.0,28.0,,,78.0,Semi-Critical
Lakshadweep,Amini,,,,,103.0,69.0,34.0,,28.0,28.0,,,82.0,Semi-Critical
Lakshadweep,Androth,,,,,193.0,130.0,62.0,,41.0,41.0,,,66.0,Safe
Lakshadweep,Chetlat,,,,,41.0,28.0,14.0,,9.0,9.0,,,63.0,Safe
Lakshadweep,Kadmat,,,,,124.0,83.0,41.0,,20.0,20.0,,,48.0,Safe
Lakshadweep,Kalpeni,,,,,91.0,61.0,30.0,,16.0,16.0,,,54.0,Safe
Lakshadweep,Kiltan,,,,,65.0,43.0,22.0,,14.0,14.0,,,67.0,Safe
Lakshadweep,Kavaratti,,,,,144.0,96.0,48.0,,41.0,41.0,,,85.0,Semi-Critical
Lakshadweep,Minicoy,,,,,186.0,122.0,64.0,,38.0,38.0,,,59.0,Safe
Puducherry,Puducherry,6561.0,1925.0,575.0,2337.0,11398.0,1140.0,10258.0,11838.0,2392.0,14230.0,2732.0,,139.0,Over-Exploited
Puducherry,Karaikal,2090.0,4047.0,241.0,880.0,7258.0,729.0,6529.0,537.0,388.0,924.0,353.0,5642.0,14.0,Safe
Puducherry,Mahe,246.0,0.0,24.0,0.0,270.0,27.0,243.0,0.0,150.0,150.0,154.0,89.0,62.0,Safe
